[Licensing::Module] Trying to connect to existing licensing client channel...
Built from '6000.3/staging' branch; Version is '6000.3.10f1 (e35f0c77bd8e) revision 14901004'; Using compiler version '194234433'; Build Type 'Release'
[Licensing::IpcConnector] Successfully connected to: "LicenseClient-renat" at "2026-05-04T15:00:36.5118615Z"
OS: 'Windows 11  (10.0.26200) Core' Language: 'pt' Physical Memory: 16052 MB
BatchMode: 1, IsHumanControllingUs: 0, StartBugReporterOnCrash: 0, Is64bit: 1
System  architecture: x64
Process architecture: x64
Date: 2026-05-04T15:00:36Z

COMMAND LINE ARGUMENTS:
C:\Program Files\Unity\Hub\Editor\6000.3.10f1\Editor\Unity.exe
-adb2
-batchMode
-noUpm
-name
AssetImportWorker2
-projectPath
C:/Users/renat/a60381/armobile/ar mobile
-logFile
Logs/AssetImportWorker2.log
-srvPort
49330
-job-worker-count
5
-background-job-worker-count
8
-gc-helper-count
1
-name
AssetImport
Successfully changed project path to: C:/Users/renat/a60381/armobile/ar mobile
C:/Users/renat/a60381/armobile/ar mobile
[UnityMemory] Configuration Parameters - Can be set up in boot.config
    "memorysetup-temp-allocator-size-nav-mesh-worker=65536"
    "memorysetup-temp-allocator-size-audio-worker=65536"
    "memorysetup-temp-allocator-size-gfx=262144"
    "memorysetup-allocator-temp-initial-block-size-main=262144"
    "memorysetup-allocator-temp-initial-block-size-worker=262144"
    "memorysetup-temp-allocator-size-background-worker=32768"
    "memorysetup-temp-allocator-size-job-worker=262144"
    "memorysetup-temp-allocator-size-preload-manager=33554432"
    "memorysetup-temp-allocator-size-gi-baking-worker=262144"
    "memorysetup-temp-allocator-size-gi-baking-worker=262144"
    "memorysetup-temp-allocator-size-gi-baking-worker=262144"
    "memorysetup-temp-allocator-size-gi-baking-worker=262144"
    "memorysetup-temp-allocator-size-gi-baking-worker=262144"
    "memorysetup-bucket-allocator-granularity=16"
    "memorysetup-bucket-allocator-bucket-count=8"
    "memorysetup-bucket-allocator-block-size=33554432"
    "memorysetup-bucket-allocator-block-count=8"
    "memorysetup-main-allocator-block-size=16777216"
    "memorysetup-thread-allocator-block-size=16777216"
    "memorysetup-gfx-main-allocator-block-size=16777216"
    "memorysetup-gfx-thread-allocator-block-size=16777216"
    "memorysetup-cache-allocator-block-size=4194304"
    "memorysetup-typetree-allocator-block-size=2097152"
    "memorysetup-profiler-bucket-allocator-granularity=16"
    "memorysetup-profiler-bucket-allocator-bucket-count=8"
    "memorysetup-profiler-bucket-allocator-block-size=33554432"
    "memorysetup-profiler-bucket-allocator-block-count=8"
    "memorysetup-profiler-allocator-block-size=16777216"
    "memorysetup-profiler-editor-allocator-block-size=1048576"
    "memorysetup-temp-allocator-size-main=16777216"
    "memorysetup-job-temp-allocator-block-size=2097152"
    "memorysetup-job-temp-allocator-block-size-background=1048576"
    "memorysetup-job-temp-allocator-reduction-small-platforms=262144"
    "memorysetup-temp-allocator-size-cloud-worker=32768"
Player connection [11620]  Target information:

Player connection [11620]  * "[IP] 192.168.56.1 [Port] 0 [Flags] 2 [Guid] 4128969563 [EditorId] 4128969563 [Version] 1048832 [Id] WindowsEditor(7,renato) [Debug] 1 [PackageName] WindowsEditor [ProjectName] Editor" 

Player connection [11620]  * "[IP] 192.168.109.1 [Port] 0 [Flags] 2 [Guid] 4128969563 [EditorId] 4128969563 [Version] 1048832 [Id] WindowsEditor(7,renato) [Debug] 1 [PackageName] WindowsEditor [ProjectName] Editor" 

Player connection [11620]  * "[IP] 192.168.2.105 [Port] 0 [Flags] 2 [Guid] 4128969563 [EditorId] 4128969563 [Version] 1048832 [Id] WindowsEditor(7,renato) [Debug] 1 [PackageName] WindowsEditor [ProjectName] Editor" 

Player connection [11620] Host joined multi-casting on [225.0.0.222:54997]...
Player connection [11620] Host joined alternative multi-casting on [225.0.0.222:34997]...
JobSystem: Creating JobQueue using job-worker-count value 5
Input System module state changed to: Initialized.
[Physics::Module] Initialized fallback backend.
[Physics::Module] Id: 0xdecafbad
Library Redirect Path: Library/
[Physics::Module] Selected backend.
[Physics::Module] Name: PhysX
[Physics::Module] Id: 0xf2b8ea05
[Physics::Module] SDK Version: 4.1.2
[Physics::Module] Integration Version: 1.0.0
[Physics::Module] Threading Mode: Multi-Threaded
Refreshing native plugins compatible for Editor in 4.55 ms, found 1 plugins.
Preloading 0 native plugins for Editor in 0.00 ms.
Initialize engine version: 6000.3.10f1 (e35f0c77bd8e)
[Subsystems] Discovering subsystems at path C:/Program Files/Unity/Hub/Editor/6000.3.10f1/Editor/Data/Resources/UnitySubsystems
[Subsystems] Discovering subsystems at path C:/Users/renat/a60381/armobile/ar mobile/Assets
GfxDevice: creating device client; kGfxThreadingModeNonThreaded
Direct3D:
    Version:  Direct3D 11.0 [level 11.1]
    Renderer: NVIDIA GeForce RTX 3050 Laptop GPU (ID=0x25a2)
    Vendor:   NVIDIA
    VRAM:     3962 MB
    Driver:   32.0.15.9621
Initialize mono
Mono path[0] = 'C:/Program Files/Unity/Hub/Editor/6000.3.10f1/Editor/Data/Managed'
Mono path[1] = 'C:/Program Files/Unity/Hub/Editor/6000.3.10f1/Editor/Data/MonoBleedingEdge/lib/mono/unityjit-win32'
Mono config path = 'C:/Program Files/Unity/Hub/Editor/6000.3.10f1/Editor/Data/MonoBleedingEdge/etc'
Using monoOptions --debugger-agent=transport=dt_socket,embedding=1,server=y,suspend=n,address=127.0.0.1:56520
Begin MonoManager ReloadAssembly
Registering precompiled unity dll's ...
Register platform support module: C:/Program Files/Unity/Hub/Editor/6000.3.10f1/Editor/Data/PlaybackEngines/WebGLSupport/UnityEditor.WebGL.Extensions.dll
Register platform support module: C:/Program Files/Unity/Hub/Editor/6000.3.10f1/Editor/Data/PlaybackEngines/WindowsStandaloneSupport/UnityEditor.WindowsStandalone.Extensions.dll
Registered in 0.004131 seconds.
- Loaded All Assemblies, in  0.652 seconds
Native extension for WindowsStandalone target not found
Native extension for WebGL target not found
[Licensing::Client] Handshaking with LicensingClient:
  Version:                 1.17.4+4293ba1
  Session Id:              5d4c070284884adf92f63cb52e7594f7
  Correlation Id:          f34bb8eb8aa8038dc25ad501c4019f11
  External correlation Id: 3060854511851978507
  Machine Id:              d4Gy8Jp1AjFMikM+GlC1xux3xIA=
[Licensing::Module] Successfully connected to LicensingClient on channel: "LicenseClient-renat" (connect: 0.00s, validation: 0.00s, handshake: 2.10s)
[Licensing::IpcConnector] Successfully connected to: "LicenseClient-renat-notifications" at "2026-05-04T15:00:38.6156528Z"
[Licensing::Module] Licensing Background thread has ended after 2.10s
ScheduleIndexationOnStartup MainProcess:False IndexOnStartup:True
Mono: successfully reloaded assembly
- Finished resetting the current domain, in  0.799 seconds
Domain Reload Profiling: 1448ms
	BeginReloadAssembly (160ms)
		ExecutionOrderSort (0ms)
		DisableScriptedObjects (0ms)
		BackupInstance (0ms)
		ReleaseScriptingObjects (0ms)
		CreateAndSetChildDomain (1ms)
	RebuildCommonClasses (47ms)
	RebuildNativeTypeToScriptingClass (15ms)
	initialDomainReloadingComplete (64ms)
	LoadAllAssembliesAndSetupDomain (362ms)
		LoadAssemblies (156ms)
		RebuildTransferFunctionScriptingTraits (0ms)
		AnalyzeDomain (358ms)
			TypeCache.Refresh (356ms)
				TypeCache.ScanAssembly (328ms)
			BuildScriptInfoCaches (0ms)
			ResolveRequiredComponents (1ms)
	FinalizeReload (800ms)
		ReleaseScriptCaches (0ms)
		RebuildScriptCaches (0ms)
		SetupLoadedEditorAssemblies (704ms)
			LogAssemblyErrors (0ms)
			InitializePlatformSupportModulesInManaged (88ms)
			SetLoadedEditorAssemblies (5ms)
			BeforeProcessingInitializeOnLoad (176ms)
			ProcessInitializeOnLoadAttributes (332ms)
			ProcessInitializeOnLoadMethodAttributes (102ms)
			AfterProcessingInitializeOnLoad (0ms)
			EditorAssembliesLoaded (0ms)
		ExecutionOrderSort2 (0ms)
		AwakeInstancesAfterBackupRestoration (0ms)
========================================================================
Worker process is ready to serve import requests
Import Worker Mode flag is 0x00
Begin MonoManager ReloadAssembly
[Licensing::Client] Successfully resolved entitlement details
[Licensing::Module] License group:
  Id: 6872812184569-UnityPersXXXX
  Product: Unity Personal
  Type: Assigned
  Expiration: Unlimited
- Loaded All Assemblies, in  1.060 seconds
Refreshing native plugins compatible for Editor in 10.14 ms, found 1 plugins.
Native extension for WindowsStandalone target not found
Native extension for WebGL target not found
Package Manager log level set to [2]
[Package Manager] Failed to launch server process. Reason: Unity was launched with the -noUpm command-line argument
[Package Manager] Unable to send message (not connected to server process).
[Package Manager] Cannot connect to Unity Package Manager local server
ScheduleIndexationOnStartup MainProcess:False IndexOnStartup:True
Mono: successfully reloaded assembly
[Package Manager] Failed to launch server process. Reason: Unity was launched with the -noUpm command-line argument
[Package Manager] Unable to send message (not connected to server process).
[Package Manager] Cannot connect to Unity Package Manager local server
[Package Manager] Failed to launch server process. Reason: Unity was launched with the -noUpm command-line argument
[Package Manager] Unable to send message (not connected to server process).
[Package Manager] Cannot connect to Unity Package Manager local server
- Finished resetting the current domain, in  0.945 seconds
Domain Reload Profiling: 1993ms
	BeginReloadAssembly (202ms)
		ExecutionOrderSort (0ms)
		DisableScriptedObjects (9ms)
		BackupInstance (0ms)
		ReleaseScriptingObjects (0ms)
		CreateAndSetChildDomain (32ms)
	RebuildCommonClasses (42ms)
	RebuildNativeTypeToScriptingClass (12ms)
	initialDomainReloadingComplete (42ms)
	LoadAllAssembliesAndSetupDomain (750ms)
		LoadAssemblies (543ms)
		RebuildTransferFunctionScriptingTraits (0ms)
		AnalyzeDomain (319ms)
			TypeCache.Refresh (235ms)
				TypeCache.ScanAssembly (212ms)
			BuildScriptInfoCaches (68ms)
			ResolveRequiredComponents (13ms)
	FinalizeReload (945ms)
		ReleaseScriptCaches (0ms)
		RebuildScriptCaches (0ms)
		SetupLoadedEditorAssemblies (646ms)
			LogAssemblyErrors (0ms)
			InitializePlatformSupportModulesInManaged (3ms)
			SetLoadedEditorAssemblies (3ms)
			BeforeProcessingInitializeOnLoad (203ms)
			ProcessInitializeOnLoadAttributes (357ms)
			ProcessInitializeOnLoadMethodAttributes (74ms)
			AfterProcessingInitializeOnLoad (5ms)
			EditorAssembliesLoaded (0ms)
		ExecutionOrderSort2 (0ms)
		AwakeInstancesAfterBackupRestoration (5ms)
WARNING: Shader Unsupported: 'Hidden/Simulation/URP/Synthetic' - All subshaders removed
WARNING: Shader Did you use #pragma only_renderers and omit this platform?
WARNING: Shader If subshaders removal was intentional, you may have forgotten turning Fallback off?
WARNING: Shader Unsupported: 'Hidden/Simulation/URP/Synthetic' - All subshaders removed
WARNING: Shader Did you use #pragma only_renderers and omit this platform?
WARNING: Shader If subshaders removal was intentional, you may have forgotten turning Fallback off?
WARNING: Shader Unsupported: 'Hidden/Simulation/Synthetic Lit' - All subshaders removed
WARNING: Shader Did you use #pragma only_renderers and omit this platform?
WARNING: Shader If subshaders removal was intentional, you may have forgotten turning Fallback off?
WARNING: Shader Unsupported: 'Hidden/Simulation/Synthetic Lit' - All subshaders removed
WARNING: Shader Did you use #pragma only_renderers and omit this platform?
WARNING: Shader If subshaders removal was intentional, you may have forgotten turning Fallback off?
WARNING: Shader Unsupported: 'Simulation/Standard Lit' - All subshaders removed
WARNING: Shader Did you use #pragma only_renderers and omit this platform?
WARNING: Shader If subshaders removal was intentional, you may have forgotten turning Fallback off?
WARNING: Shader Unsupported: 'Simulation/Standard Lit' - All subshaders removed
WARNING: Shader Did you use #pragma only_renderers and omit this platform?
WARNING: Shader If subshaders removal was intentional, you may have forgotten turning Fallback off?
WARNING: Shader Unsupported: 'Simulation/URP/Room X-Ray' - All subshaders removed
WARNING: Shader Did you use #pragma only_renderers and omit this platform?
WARNING: Shader If subshaders removal was intentional, you may have forgotten turning Fallback off?
WARNING: Shader Unsupported: 'Simulation/URP/Room X-Ray' - All subshaders removed
WARNING: Shader Did you use #pragma only_renderers and omit this platform?
WARNING: Shader If subshaders removal was intentional, you may have forgotten turning Fallback off?
WARNING: Shader Unsupported: 'Simulation/Room X-Ray' - All subshaders removed
WARNING: Shader Did you use #pragma only_renderers and omit this platform?
WARNING: Shader If subshaders removal was intentional, you may have forgotten turning Fallback off?
WARNING: Shader Unsupported: 'Simulation/Room X-Ray' - All subshaders removed
WARNING: Shader Did you use #pragma only_renderers and omit this platform?
WARNING: Shader If subshaders removal was intentional, you may have forgotten turning Fallback off?
WARNING: Shader Unsupported: 'Simulation/URP/Lit' - All subshaders removed
WARNING: Shader Did you use #pragma only_renderers and omit this platform?
WARNING: Shader If subshaders removal was intentional, you may have forgotten turning Fallback off?
WARNING: Shader Unsupported: 'Simulation/URP/Lit' - All subshaders removed
WARNING: Shader Did you use #pragma only_renderers and omit this platform?
WARNING: Shader If subshaders removal was intentional, you may have forgotten turning Fallback off?
Launched and connected shader compiler UnityShaderCompiler.exe after 0.02 seconds
Refreshing native plugins compatible for Editor in 3.91 ms, found 1 plugins.
Preloading 0 native plugins for Editor in 0.00 ms.
Unloading 24 Unused Serialized files (Serialized files now loaded: 0)
Unloading 6005 unused Assets / (13.1 MB). Loaded Objects now: 6828.
Memory consumption went from 159.4 MB to 146.2 MB.
Total: 17.012900 ms (FindLiveObjects: 0.818700 ms CreateObjectMapping: 1.061700 ms MarkObjects: 8.235700 ms  DeleteObjects: 6.894400 ms)

========================================================================
Received Import Request.
  Time since last request: 5006.993663 seconds.
  path: Assets/DefaultVolumeProfile.asset
  artifactKey: Guid(20ea68209c5f62c45bf3cbafc76dc42c) Importer(2089858483,b0f066a214c2f5e87bad3c948f4d605d)
Start importing Assets/DefaultVolumeProfile.asset using Guid(20ea68209c5f62c45bf3cbafc76dc42c) Importer(2089858483,b0f066a214c2f5e87bad3c948f4d605d) (ScriptedImporter) -> (artifact id: '4cfeae4e6da5af05f163c142815bf072') in 0.174293 seconds
Number of updated asset objects reloaded before import = 1Number of asset objects unloaded after import = 0

========================================================================
Received Import Request.
  Time since last request: 0.000034 seconds.
  path: Assets/MobileARTemplateAssets/Shaders/PlaneOcclusionShader.shader
  artifactKey: Guid(cfffb87d2f3f04b62ac8dc5807c4ca32) Importer(2089858483,b0f066a214c2f5e87bad3c948f4d605d)
Start importing Assets/MobileARTemplateAssets/Shaders/PlaneOcclusionShader.shader using Guid(cfffb87d2f3f04b62ac8dc5807c4ca32) Importer(2089858483,b0f066a214c2f5e87bad3c948f4d605d) (ScriptedImporter) -> (artifact id: 'abbfe1a36271ae4ca41afc9c0f45cd5f') in 0.0378819 seconds
Number of updated asset objects reloaded before import = 0Number of asset objects unloaded after import = 1

========================================================================
Received Import Request.
  Time since last request: 0.000040 seconds.
  path: Assets/MobileARTemplateAssets/Shaders/URPShadowReceiver.shader
  artifactKey: Guid(fe6cf1cb2ef0b4ee9a5e5eca8e61e129) Importer(2089858483,b0f066a214c2f5e87bad3c948f4d605d)
Start importing Assets/MobileARTemplateAssets/Shaders/URPShadowReceiver.shader using Guid(fe6cf1cb2ef0b4ee9a5e5eca8e61e129) Importer(2089858483,b0f066a214c2f5e87bad3c948f4d605d) (ScriptedImporter) -> (artifact id: '71ba14efd4e0638f0cd8a3684cac204b') in 0.0186349 seconds
Number of updated asset objects reloaded before import = 0Number of asset objects unloaded after import = 1

========================================================================
Received Import Request.
  Time since last request: 0.000026 seconds.
  path: Assets/XRI/Settings/XRInteractionEditorSettings.asset
  artifactKey: Guid(7869eaf791ac4420f9fa96f08a288681) Importer(2089858483,b0f066a214c2f5e87bad3c948f4d605d)
Start importing Assets/XRI/Settings/XRInteractionEditorSettings.asset using Guid(7869eaf791ac4420f9fa96f08a288681) Importer(2089858483,b0f066a214c2f5e87bad3c948f4d605d) (ScriptedImporter) -> (artifact id: '24a28b3424e0f5f7085756a6d1b4b694') in 0.061936 seconds
Number of updated asset objects reloaded before import = 0Number of asset objects unloaded after import = 1

========================================================================
Received Import Request.
  Time since last request: 0.000028 seconds.
  path: Assets/MobileARTemplateAssets/UI/Animation/Prompt_RotateObject.controller
  artifactKey: Guid(281a3759a96264995824f30d5de09b03) Importer(2089858483,b0f066a214c2f5e87bad3c948f4d605d)
Start importing Assets/MobileARTemplateAssets/UI/Animation/Prompt_RotateObject.controller using Guid(281a3759a96264995824f30d5de09b03) Importer(2089858483,b0f066a214c2f5e87bad3c948f4d605d) (ScriptedImporter) -> (artifact id: '9a5494ac853c0fd29436b043536c914d') in 0.0195514 seconds
Number of updated asset objects reloaded before import = 0Number of asset objects unloaded after import = 4

========================================================================
Received Import Request.
  Time since last request: 0.000051 seconds.
  path: Assets/MobileARTemplateAssets/UI/Fonts/Inter-Regular_SDF_Overlay_Material.mat
  artifactKey: Guid(4901b33f2905d42b986e9dce9a67d3a3) Importer(2089858483,b0f066a214c2f5e87bad3c948f4d605d)
Start importing Assets/MobileARTemplateAssets/UI/Fonts/Inter-Regular_SDF_Overlay_Material.mat using Guid(4901b33f2905d42b986e9dce9a67d3a3) Importer(2089858483,b0f066a214c2f5e87bad3c948f4d605d) (ScriptedImporter) -> (artifact id: 'eb5ba87e7c230c9e215e3cd2f8d790a7') in 0.021922 seconds
Number of updated asset objects reloaded before import = 0Number of asset objects unloaded after import = 1

========================================================================
Received Import Request.
  Time since last request: 0.000033 seconds.
  path: Assets/MobileARTemplateAssets/Prefabs/TorusVariant.prefab
  artifactKey: Guid(23412048bf4821d4f8bf5c7d9c1abd5b) Importer(2089858483,b0f066a214c2f5e87bad3c948f4d605d)
Start importing Assets/MobileARTemplateAssets/Prefabs/TorusVariant.prefab using Guid(23412048bf4821d4f8bf5c7d9c1abd5b) Importer(2089858483,b0f066a214c2f5e87bad3c948f4d605d) (ScriptedImporter) -> (artifact id: 'b8954f9d15952f28dbf8e62c569fc741') in 0.1304843 seconds
Number of updated asset objects reloaded before import = 0Number of asset objects unloaded after import = 49

========================================================================
Received Import Request.
  Time since last request: 0.000031 seconds.
  path: Assets/TextMesh Pro/Shaders/TMP_SDF-Mobile Overlay.shader
  artifactKey: Guid(a02a7d8c237544f1962732b55a9aebf1) Importer(2089858483,b0f066a214c2f5e87bad3c948f4d605d)
Start importing Assets/TextMesh Pro/Shaders/TMP_SDF-Mobile Overlay.shader using Guid(a02a7d8c237544f1962732b55a9aebf1) Importer(2089858483,b0f066a214c2f5e87bad3c948f4d605d) (ScriptedImporter) -> (artifact id: '5c1431ed246d2475fa008943a8350999') in 0.0166396 seconds
Number of updated asset objects reloaded before import = 0Number of asset objects unloaded after import = 1

========================================================================
Received Import Request.
  Time since last request: 0.000038 seconds.
  path: Assets/TextMesh Pro/Shaders/TMP_Bitmap-Custom-Atlas.shader
  artifactKey: Guid(48bb5f55d8670e349b6e614913f9d910) Importer(2089858483,b0f066a214c2f5e87bad3c948f4d605d)
Start importing Assets/TextMesh Pro/Shaders/TMP_Bitmap-Custom-Atlas.shader using Guid(48bb5f55d8670e349b6e614913f9d910) Importer(2089858483,b0f066a214c2f5e87bad3c948f4d605d) (ScriptedImporter) -> (artifact id: '365a07de4eb8961ab6936942f3973582') in 0.0153545 seconds
Number of updated asset objects reloaded before import = 0Number of asset objects unloaded after import = 1

========================================================================
Received Import Request.
  Time since last request: 0.000025 seconds.
  path: Assets/MobileARTemplateAssets/UI/Animation/Prompt_TapToPlace.anim
  artifactKey: Guid(fd690ccfb2a3e4337b630f8dc325a691) Importer(2089858483,b0f066a214c2f5e87bad3c948f4d605d)
Start importing Assets/MobileARTemplateAssets/UI/Animation/Prompt_TapToPlace.anim using Guid(fd690ccfb2a3e4337b630f8dc325a691) Importer(2089858483,b0f066a214c2f5e87bad3c948f4d605d) (ScriptedImporter) -> (artifact id: '1017da5379328d28c6b8ef728550993b') in 0.0245201 seconds
Number of updated asset objects reloaded before import = 0Number of asset objects unloaded after import = 1

========================================================================
Received Import Request.
  Time since last request: 0.000028 seconds.
  path: Assets/XR/Loaders/AR Kit Loader.asset
  artifactKey: Guid(e83f94cb3ed0e3041b49796e826aabbd) Importer(2089858483,b0f066a214c2f5e87bad3c948f4d605d)
Start importing Assets/XR/Loaders/AR Kit Loader.asset using Guid(e83f94cb3ed0e3041b49796e826aabbd) Importer(2089858483,b0f066a214c2f5e87bad3c948f4d605d) (ScriptedImporter) -> (artifact id: '438a1334a580df9870303d884934a9b5') in 0.0161751 seconds
Number of updated asset objects reloaded before import = 0Number of asset objects unloaded after import = 1

========================================================================
Received Import Request.
  Time since last request: 0.000028 seconds.
  path: Assets/TextMesh Pro/Shaders/TMPro_Surface.cginc
  artifactKey: Guid(d930090c0cd643c7b55f19a38538c162) Importer(2089858483,b0f066a214c2f5e87bad3c948f4d605d)
Start importing Assets/TextMesh Pro/Shaders/TMPro_Surface.cginc using Guid(d930090c0cd643c7b55f19a38538c162) Importer(2089858483,b0f066a214c2f5e87bad3c948f4d605d) (ScriptedImporter) -> (artifact id: '9b83f685e702d243ff7704b3094eb855') in 0.0223558 seconds
Number of updated asset objects reloaded before import = 0Number of asset objects unloaded after import = 1

========================================================================
Received Import Request.
  Time since last request: 0.000068 seconds.
  path: Assets/TextMesh Pro/Resources/LineBreaking Leading Characters.txt
  artifactKey: Guid(d82c1b31c7e74239bff1220585707d2b) Importer(2089858483,b0f066a214c2f5e87bad3c948f4d605d)
Start importing Assets/TextMesh Pro/Resources/LineBreaking Leading Characters.txt using Guid(d82c1b31c7e74239bff1220585707d2b) Importer(2089858483,b0f066a214c2f5e87bad3c948f4d605d) (ScriptedImporter) -> (artifact id: 'b2c7254848117af88bd4e11f835c021b') in 0.0144554 seconds
Number of updated asset objects reloaded before import = 0Number of asset objects unloaded after import = 1

========================================================================
Received Import Request.
  Time since last request: 0.000118 seconds.
  path: Assets/MobileARTemplateAssets/UI/Animation/Prompt_ScaleObject.controller
  artifactKey: Guid(2c516ede2edf144c19a6954317385249) Importer(2089858483,b0f066a214c2f5e87bad3c948f4d605d)
Start importing Assets/MobileARTemplateAssets/UI/Animation/Prompt_ScaleObject.controller using Guid(2c516ede2edf144c19a6954317385249) Importer(2089858483,b0f066a214c2f5e87bad3c948f4d605d) (ScriptedImporter) -> (artifact id: '0a4c0f619793b2ca11c867758233c8e0') in 0.0178567 seconds
Number of updated asset objects reloaded before import = 0Number of asset objects unloaded after import = 4

========================================================================
Received Import Request.
  Time since last request: 0.000028 seconds.
  path: Assets/TextMesh Pro/Shaders/TMP_SDF-Mobile.shader
  artifactKey: Guid(fe393ace9b354375a9cb14cdbbc28be4) Importer(2089858483,b0f066a214c2f5e87bad3c948f4d605d)
Start importing Assets/TextMesh Pro/Shaders/TMP_SDF-Mobile.shader using Guid(fe393ace9b354375a9cb14cdbbc28be4) Importer(2089858483,b0f066a214c2f5e87bad3c948f4d605d) (ScriptedImporter) -> (artifact id: 'c67f42205d00807fb6a3d2eb81f3546d') in 0.0173954 seconds
Number of updated asset objects reloaded before import = 0Number of asset objects unloaded after import = 1

========================================================================
Received Import Request.
  Time since last request: 0.447891 seconds.
  path: Assets/TextMesh Pro/Resources/Fonts & Materials/LiberationSans SDF - Outline.mat
  artifactKey: Guid(79459efec17a4d00a321bdcc27bbc385) Importer(2089858483,b0f066a214c2f5e87bad3c948f4d605d)
Start importing Assets/TextMesh Pro/Resources/Fonts & Materials/LiberationSans SDF - Outline.mat using Guid(79459efec17a4d00a321bdcc27bbc385) Importer(2089858483,b0f066a214c2f5e87bad3c948f4d605d) (ScriptedImporter) -> (artifact id: 'a250d74db0d36462637a0f95db1c7c31') in 0.0299335 seconds
Number of updated asset objects reloaded before import = 0Number of asset objects unloaded after import = 2

========================================================================
Received Import Request.
  Time since last request: 0.426898 seconds.
  path: Assets/TextMesh Pro/Resources/Sprite Assets/MixedIndexTest.asset
  artifactKey: Guid(8a731a09451cba54096a9002cd9b9be5) Importer(2089858483,b0f066a214c2f5e87bad3c948f4d605d)
Start importing Assets/TextMesh Pro/Resources/Sprite Assets/MixedIndexTest.asset using Guid(8a731a09451cba54096a9002cd9b9be5) Importer(2089858483,b0f066a214c2f5e87bad3c948f4d605d) (ScriptedImporter) -> (artifact id: 'f35a181c5ec81f29778592ca646e5585') in 0.0354937 seconds
Number of updated asset objects reloaded before import = 0Number of asset objects unloaded after import = 208

========================================================================
Received Import Request.
  Time since last request: 0.374702 seconds.
  path: Assets/XRI/Settings/Resources/XRDeviceSimulatorSettings.asset
  artifactKey: Guid(950b9537b4f99471f8d544531f6f369d) Importer(2089858483,b0f066a214c2f5e87bad3c948f4d605d)
Start importing Assets/XRI/Settings/Resources/XRDeviceSimulatorSettings.asset using Guid(950b9537b4f99471f8d544531f6f369d) Importer(2089858483,b0f066a214c2f5e87bad3c948f4d605d) (ScriptedImporter) -> (artifact id: '6039c196c0438faa51e90fc26a6d3482') in 0.0311564 seconds
Number of updated asset objects reloaded before import = 0Number of asset objects unloaded after import = 1

========================================================================
Received Import Request.
  Time since last request: 0.000029 seconds.
  path: Assets/Samples/XR Interaction Toolkit/3.3.0/Starter Assets/DemoScene.unity
  artifactKey: Guid(319dafa5c80f29f428dc1e0d03f04177) Importer(2089858483,b0f066a214c2f5e87bad3c948f4d605d)
Start importing Assets/Samples/XR Interaction Toolkit/3.3.0/Starter Assets/DemoScene.unity using Guid(319dafa5c80f29f428dc1e0d03f04177) Importer(2089858483,b0f066a214c2f5e87bad3c948f4d605d) (ScriptedImporter) -> (artifact id: '5d663182fe63cb737c72a6ac23604d28') in 0.029107 seconds
Number of updated asset objects reloaded before import = 0Number of asset objects unloaded after import = 1

========================================================================
Received Import Request.
  Time since last request: 0.244119 seconds.
  path: Assets/Samples/XR Interaction Toolkit/3.3.0/Starter Assets/StarterAssets.asmdef
  artifactKey: Guid(8f07e33567e0ee542b40769c456c6b53) Importer(2089858483,b0f066a214c2f5e87bad3c948f4d605d)
Start importing Assets/Samples/XR Interaction Toolkit/3.3.0/Starter Assets/StarterAssets.asmdef using Guid(8f07e33567e0ee542b40769c456c6b53) Importer(2089858483,b0f066a214c2f5e87bad3c948f4d605d) (ScriptedImporter) -> (artifact id: '567471f2a2aad49c0b5f837947ed2247') in 0.0281893 seconds
Number of updated asset objects reloaded before import = 0Number of asset objects unloaded after import = 1

========================================================================
Received Import Request.
  Time since last request: 0.000022 seconds.
  path: Assets/Samples/XR Interaction Toolkit/3.3.0/AR Starter Assets/Materials/FeatheredPlaneMaterial.mat
  artifactKey: Guid(d5774351bc3ae4ad393dc1d142ff4235) Importer(2089858483,b0f066a214c2f5e87bad3c948f4d605d)
Start importing Assets/Samples/XR Interaction Toolkit/3.3.0/AR Starter Assets/Materials/FeatheredPlaneMaterial.mat using Guid(d5774351bc3ae4ad393dc1d142ff4235) Importer(2089858483,b0f066a214c2f5e87bad3c948f4d605d) (ScriptedImporter) -> (artifact id: 'e8930d7a48ba06beebac4432fea42a35') in 0.0214951 seconds
Number of updated asset objects reloaded before import = 0Number of asset objects unloaded after import = 2

========================================================================
Received Import Request.
  Time since last request: 0.269417 seconds.
  path: Assets/Samples/XR Interaction Toolkit/3.3.0/AR Starter Assets/Prefabs/AR Feathered Plane.prefab
  artifactKey: Guid(a6b7ca1d53c75490595d1f0d5f43be38) Importer(2089858483,b0f066a214c2f5e87bad3c948f4d605d)
Start importing Assets/Samples/XR Interaction Toolkit/3.3.0/AR Starter Assets/Prefabs/AR Feathered Plane.prefab using Guid(a6b7ca1d53c75490595d1f0d5f43be38) Importer(2089858483,b0f066a214c2f5e87bad3c948f4d605d) (ScriptedImporter) -> (artifact id: '78ea7652b9220524122584e8341769a2') in 0.0773264 seconds
Number of updated asset objects reloaded before import = 0Number of asset objects unloaded after import = 11

========================================================================
Received Import Request.
  Time since last request: 0.000028 seconds.
  path: Assets/Samples/XR Interaction Toolkit/3.3.0/AR Starter Assets/Scripts/ARContactSpawnTrigger.cs
  artifactKey: Guid(4440a5b98326c3846b042c0c85fb1d0d) Importer(2089858483,b0f066a214c2f5e87bad3c948f4d605d)
Start importing Assets/Samples/XR Interaction Toolkit/3.3.0/AR Starter Assets/Scripts/ARContactSpawnTrigger.cs using Guid(4440a5b98326c3846b042c0c85fb1d0d) Importer(2089858483,b0f066a214c2f5e87bad3c948f4d605d) (ScriptedImporter) -> (artifact id: '86d54adb4ae5ed1fa04ed05dd7ef5476') in 0.0185715 seconds
Number of updated asset objects reloaded before import = 0Number of asset objects unloaded after import = 0

========================================================================
Received Import Request.
  Time since last request: 0.239990 seconds.
  path: Assets/Samples/XR Interaction Toolkit/3.3.0/AR Starter Assets/Scripts/ARFeatheredPlaneMeshVisualizer.cs
  artifactKey: Guid(4694583967bd9483f9841409d278f46f) Importer(2089858483,b0f066a214c2f5e87bad3c948f4d605d)
Start importing Assets/Samples/XR Interaction Toolkit/3.3.0/AR Starter Assets/Scripts/ARFeatheredPlaneMeshVisualizer.cs using Guid(4694583967bd9483f9841409d278f46f) Importer(2089858483,b0f066a214c2f5e87bad3c948f4d605d) (ScriptedImporter) -> (artifact id: '42f86972ff37db8fc4f0a794dee89d16') in 0.0412452 seconds
Number of updated asset objects reloaded before import = 0Number of asset objects unloaded after import = 0

========================================================================
Received Import Request.
  Time since last request: 0.000033 seconds.
  path: Assets/Samples/XR Interaction Toolkit/3.3.0/AR Starter Assets/Textures/PlanePatternDot.png
  artifactKey: Guid(bad94c7c5841e4b1eac9ec60ccaacb61) Importer(2089858483,b0f066a214c2f5e87bad3c948f4d605d)
Start importing Assets/Samples/XR Interaction Toolkit/3.3.0/AR Starter Assets/Textures/PlanePatternDot.png using Guid(bad94c7c5841e4b1eac9ec60ccaacb61) Importer(2089858483,b0f066a214c2f5e87bad3c948f4d605d) (ScriptedImporter) -> (artifact id: '198f1ae0fdc6bada205d6c6acfee0f0c') in 0.0921992 seconds
Number of updated asset objects reloaded before import = 0Number of asset objects unloaded after import = 1

========================================================================
Received Import Request.
  Time since last request: 0.066522 seconds.
  path: Assets/Samples/XR Interaction Toolkit/3.3.0/Starter Assets/AffordanceThemes/ControllerPokeSphereScale.asset
  artifactKey: Guid(fd784a23f6ef7774a8998adf6e979d04) Importer(2089858483,b0f066a214c2f5e87bad3c948f4d605d)
Start importing Assets/Samples/XR Interaction Toolkit/3.3.0/Starter Assets/AffordanceThemes/ControllerPokeSphereScale.asset using Guid(fd784a23f6ef7774a8998adf6e979d04) Importer(2089858483,b0f066a214c2f5e87bad3c948f4d605d) (ScriptedImporter) -> (artifact id: '5e22346e8cb2ca5e2177a0245b2fc60f') in 0.0440638 seconds
Number of updated asset objects reloaded before import = 0Number of asset objects unloaded after import = 1

========================================================================
Received Import Request.
  Time since last request: 0.299484 seconds.
  path: Assets/Samples/XR Interaction Toolkit/3.3.0/Starter Assets/AffordanceThemes/PokeSphereInteraction.asset
  artifactKey: Guid(c2712227db89c5142adad58b143bf039) Importer(2089858483,b0f066a214c2f5e87bad3c948f4d605d)
Start importing Assets/Samples/XR Interaction Toolkit/3.3.0/Starter Assets/AffordanceThemes/PokeSphereInteraction.asset using Guid(c2712227db89c5142adad58b143bf039) Importer(2089858483,b0f066a214c2f5e87bad3c948f4d605d) (ScriptedImporter) -> (artifact id: '1861858d4dceeaa05303b4dc831d1237') in 0.021639 seconds
Number of updated asset objects reloaded before import = 0Number of asset objects unloaded after import = 1

========================================================================
Received Import Request.
  Time since last request: 0.542730 seconds.
  path: Assets/Samples/XR Interaction Toolkit/3.3.0/Starter Assets/Filters/AnyGazedAtTeleportAnchorFilter.asset
  artifactKey: Guid(0f906c94e2aa0c3488832acc1db04295) Importer(2089858483,b0f066a214c2f5e87bad3c948f4d605d)
Start importing Assets/Samples/XR Interaction Toolkit/3.3.0/Starter Assets/Filters/AnyGazedAtTeleportAnchorFilter.asset using Guid(0f906c94e2aa0c3488832acc1db04295) Importer(2089858483,b0f066a214c2f5e87bad3c948f4d605d) (ScriptedImporter) -> (artifact id: 'ccfd8ba805f7e5a019809b1cd36ab8c6') in 0.0223765 seconds
Number of updated asset objects reloaded before import = 0Number of asset objects unloaded after import = 1

========================================================================
Received Import Request.
  Time since last request: 0.000027 seconds.
  path: Assets/Samples/XR Interaction Toolkit/3.3.0/Starter Assets/Materials/Flat Blue.mat
  artifactKey: Guid(91ff3830fc4055a4fb0d0d2be32101a7) Importer(2089858483,b0f066a214c2f5e87bad3c948f4d605d)
Start importing Assets/Samples/XR Interaction Toolkit/3.3.0/Starter Assets/Materials/Flat Blue.mat using Guid(91ff3830fc4055a4fb0d0d2be32101a7) Importer(2089858483,b0f066a214c2f5e87bad3c948f4d605d) (ScriptedImporter) -> (artifact id: '277dc390b75d4aa624d55ee1f0e30c0c') in 0.0236737 seconds
Number of updated asset objects reloaded before import = 0Number of asset objects unloaded after import = 1

========================================================================
Received Import Request.
  Time since last request: 0.276945 seconds.
  path: Assets/Samples/XR Interaction Toolkit/3.3.0/Starter Assets/Materials/FresnelHighlight.mat
  artifactKey: Guid(f5ccd52dc494e054fbe7d7161dcabe25) Importer(2089858483,b0f066a214c2f5e87bad3c948f4d605d)
Start importing Assets/Samples/XR Interaction Toolkit/3.3.0/Starter Assets/Materials/FresnelHighlight.mat using Guid(f5ccd52dc494e054fbe7d7161dcabe25) Importer(2089858483,b0f066a214c2f5e87bad3c948f4d605d) (ScriptedImporter) -> (artifact id: '400c20802614a657bc416422f8a4baa8') in 0.2834306 seconds
Number of updated asset objects reloaded before import = 0Number of asset objects unloaded after import = 7

========================================================================
Received Import Request.
  Time since last request: 0.159017 seconds.
  path: Assets/Samples/XR Interaction Toolkit/3.3.0/Starter Assets/Materials/Telport Area.mat
  artifactKey: Guid(be1e10ce8a6f8cc4fb08d11c7f722469) Importer(2089858483,b0f066a214c2f5e87bad3c948f4d605d)
Start importing Assets/Samples/XR Interaction Toolkit/3.3.0/Starter Assets/Materials/Telport Area.mat using Guid(be1e10ce8a6f8cc4fb08d11c7f722469) Importer(2089858483,b0f066a214c2f5e87bad3c948f4d605d) (ScriptedImporter) -> (artifact id: '3617c50d658945add9a6ae365f58f016') in 0.0516772 seconds
Number of updated asset objects reloaded before import = 0Number of asset objects unloaded after import = 1

========================================================================
Received Import Request.
  Time since last request: 1.856822 seconds.
  path: Assets/Samples/XR Interaction Toolkit/3.3.0/Starter Assets/Models/Primitive_Cylinder.fbx
  artifactKey: Guid(9e1dc1c14313460d872de39e35129b39) Importer(2089858483,b0f066a214c2f5e87bad3c948f4d605d)
Start importing Assets/Samples/XR Interaction Toolkit/3.3.0/Starter Assets/Models/Primitive_Cylinder.fbx using Guid(9e1dc1c14313460d872de39e35129b39) Importer(2089858483,b0f066a214c2f5e87bad3c948f4d605d) (ScriptedImporter) -> (artifact id: 'e1dc37ab05bd436c1e0d74dd175856ec') in 0.0387755 seconds
Number of updated asset objects reloaded before import = 0Number of asset objects unloaded after import = 9

========================================================================
Received Import Request.
  Time since last request: 0.445529 seconds.
  path: Assets/Samples/XR Interaction Toolkit/3.3.0/Starter Assets/Prefabs/Permissions Manager.prefab
  artifactKey: Guid(faf53399145e13c4b992b14c97b5f4c0) Importer(2089858483,b0f066a214c2f5e87bad3c948f4d605d)
Start importing Assets/Samples/XR Interaction Toolkit/3.3.0/Starter Assets/Prefabs/Permissions Manager.prefab using Guid(faf53399145e13c4b992b14c97b5f4c0) Importer(2089858483,b0f066a214c2f5e87bad3c948f4d605d) (ScriptedImporter) -> (artifact id: '69495a4b1a1bc9720bb13345ca1ea253') in 0.0316188 seconds
Number of updated asset objects reloaded before import = 0Number of asset objects unloaded after import = 5

========================================================================
Received Import Request.
  Time since last request: 0.000026 seconds.
  path: Assets/Samples/XR Interaction Toolkit/3.3.0/Starter Assets/Presets/XRI Default Continuous Turn.preset
  artifactKey: Guid(735a78fc7c2a98a4e85e0e42bf895f48) Importer(2089858483,b0f066a214c2f5e87bad3c948f4d605d)
Start importing Assets/Samples/XR Interaction Toolkit/3.3.0/Starter Assets/Presets/XRI Default Continuous Turn.preset using Guid(735a78fc7c2a98a4e85e0e42bf895f48) Importer(2089858483,b0f066a214c2f5e87bad3c948f4d605d) (ScriptedImporter) -> (artifact id: 'fdb213d0a435c668ffd2241708440fc7') in 0.0252896 seconds
Number of updated asset objects reloaded before import = 0Number of asset objects unloaded after import = 4

========================================================================
Received Import Request.
  Time since last request: 0.328102 seconds.
  path: Assets/Settings/UniversalRenderPipelineGlobalSettings.asset
  artifactKey: Guid(18dc0cd2c080841dea60987a38ce93fa) Importer(2089858483,b0f066a214c2f5e87bad3c948f4d605d)
Start importing Assets/Settings/UniversalRenderPipelineGlobalSettings.asset using Guid(18dc0cd2c080841dea60987a38ce93fa) Importer(2089858483,b0f066a214c2f5e87bad3c948f4d605d) (ScriptedImporter) -> (artifact id: '4f2811f6750adb5143817ee2cb28d929') in 0.0977392 seconds
Number of updated asset objects reloaded before import = 0Number of asset objects unloaded after import = 0

========================================================================
Received Import Request.
  Time since last request: 0.000028 seconds.
  path: Assets/MobileARTemplateAssets/Scripts/ARTemplateMenuManager.cs
  artifactKey: Guid(f708c04c3dca17f4dbdc065df6a0c397) Importer(2089858483,b0f066a214c2f5e87bad3c948f4d605d)
Start importing Assets/MobileARTemplateAssets/Scripts/ARTemplateMenuManager.cs using Guid(f708c04c3dca17f4dbdc065df6a0c397) Importer(2089858483,b0f066a214c2f5e87bad3c948f4d605d) (ScriptedImporter) -> (artifact id: '79fb72bc2ed74723dfb55bdd795d8bd3') in 0.0118864 seconds
Number of updated asset objects reloaded before import = 0Number of asset objects unloaded after import = 0

========================================================================
Received Import Request.
  Time since last request: 0.000029 seconds.
  path: Assets/MobileARTemplateAssets/Tutorial/TutorialStyle.asset
  artifactKey: Guid(148a9beb0fa9a4026a837fad3a14e6a4) Importer(2089858483,b0f066a214c2f5e87bad3c948f4d605d)
Start importing Assets/MobileARTemplateAssets/Tutorial/TutorialStyle.asset using Guid(148a9beb0fa9a4026a837fad3a14e6a4) Importer(2089858483,b0f066a214c2f5e87bad3c948f4d605d) (ScriptedImporter) -> (artifact id: 'd016c106c3d2eae1f4dd755d4f9a2e75') in 0.0242942 seconds
Number of updated asset objects reloaded before import = 0Number of asset objects unloaded after import = 1

========================================================================
Received Import Request.
  Time since last request: 0.000028 seconds.
  path: Assets/MobileARTemplateAssets/Scripts/GoalManager.cs
  artifactKey: Guid(30f0e07d95a4d497bbc3dbd22d792191) Importer(2089858483,b0f066a214c2f5e87bad3c948f4d605d)
Start importing Assets/MobileARTemplateAssets/Scripts/GoalManager.cs using Guid(30f0e07d95a4d497bbc3dbd22d792191) Importer(2089858483,b0f066a214c2f5e87bad3c948f4d605d) (ScriptedImporter) -> (artifact id: '96f5f883990c78355a5e635fd1dafdf3') in 0.0133383 seconds
Number of updated asset objects reloaded before import = 0Number of asset objects unloaded after import = 0

========================================================================
Received Import Request.
  Time since last request: 0.000023 seconds.
  path: Assets/MobileARTemplateAssets/Prefabs/CylinderVariant.prefab
  artifactKey: Guid(daca7e1cd0a975941a64a8a9cbd8e5e5) Importer(2089858483,b0f066a214c2f5e87bad3c948f4d605d)
Start importing Assets/MobileARTemplateAssets/Prefabs/CylinderVariant.prefab using Guid(daca7e1cd0a975941a64a8a9cbd8e5e5) Importer(2089858483,b0f066a214c2f5e87bad3c948f4d605d) (ScriptedImporter) -> (artifact id: 'a292088f6036abc743278709e697f9c8') in 0.0877362 seconds
Number of updated asset objects reloaded before import = 0Number of asset objects unloaded after import = 49

========================================================================
Received Import Request.
  Time since last request: 0.000037 seconds.
  path: Assets/TextMesh Pro/Documentation/TextMesh Pro User Guide 2016.pdf
  artifactKey: Guid(1b8d251f9af63b746bf2f7ffe00ebb9b) Importer(2089858483,b0f066a214c2f5e87bad3c948f4d605d)
Start importing Assets/TextMesh Pro/Documentation/TextMesh Pro User Guide 2016.pdf using Guid(1b8d251f9af63b746bf2f7ffe00ebb9b) Importer(2089858483,b0f066a214c2f5e87bad3c948f4d605d) (ScriptedImporter) -> (artifact id: '166f3272696b0f832cf70a646fbe2a4f') in 0.0234706 seconds
Number of updated asset objects reloaded before import = 0Number of asset objects unloaded after import = 1

========================================================================
Received Import Request.
  Time since last request: 0.000042 seconds.
  path: Assets/MobileARTemplateAssets/UI/Sprites/Icon-Cube.png
  artifactKey: Guid(f9e6d8a7f941049e3a17d025c44a07e5) Importer(2089858483,b0f066a214c2f5e87bad3c948f4d605d)
Start importing Assets/MobileARTemplateAssets/UI/Sprites/Icon-Cube.png using Guid(f9e6d8a7f941049e3a17d025c44a07e5) Importer(2089858483,b0f066a214c2f5e87bad3c948f4d605d) (ScriptedImporter) -> (artifact id: 'a5db04abdb4cb52b491aafede889d389') in 0.0373878 seconds
Number of updated asset objects reloaded before import = 0Number of asset objects unloaded after import = 3

========================================================================
Received Import Request.
  Time since last request: 0.000027 seconds.
  path: Assets/Samples/XR Interaction Toolkit/3.3.0/Starter Assets/Scripts/ObjectSpawner.cs
  artifactKey: Guid(956dd6cf70eaca449a45b6a95b96c8c1) Importer(2089858483,b0f066a214c2f5e87bad3c948f4d605d)
Start importing Assets/Samples/XR Interaction Toolkit/3.3.0/Starter Assets/Scripts/ObjectSpawner.cs using Guid(956dd6cf70eaca449a45b6a95b96c8c1) Importer(2089858483,b0f066a214c2f5e87bad3c948f4d605d) (ScriptedImporter) -> (artifact id: '78ac77dc9955af1967d3f7b9bdc54d8c') in 0.0175755 seconds
Number of updated asset objects reloaded before import = 0Number of asset objects unloaded after import = 0

========================================================================
Received Import Request.
  Time since last request: 0.000028 seconds.
  path: Assets/MobileARTemplateAssets/Tutorial/Tutorials.asset
  artifactKey: Guid(f81d3f3f7e5892946b36987ea5701338) Importer(2089858483,b0f066a214c2f5e87bad3c948f4d605d)
Start importing Assets/MobileARTemplateAssets/Tutorial/Tutorials.asset using Guid(f81d3f3f7e5892946b36987ea5701338) Importer(2089858483,b0f066a214c2f5e87bad3c948f4d605d) (ScriptedImporter) -> (artifact id: '143aa9994c0833c49f8f97399c7e5444') in 0.05365 seconds
Number of updated asset objects reloaded before import = 0Number of asset objects unloaded after import = 4

========================================================================
Received Import Request.
  Time since last request: 0.000037 seconds.
  path: Assets/TextMesh Pro/Fonts/LiberationSans - OFL.txt
  artifactKey: Guid(6e59c59b81ab47f9b6ec5781fa725d2c) Importer(2089858483,b0f066a214c2f5e87bad3c948f4d605d)
Start importing Assets/TextMesh Pro/Fonts/LiberationSans - OFL.txt using Guid(6e59c59b81ab47f9b6ec5781fa725d2c) Importer(2089858483,b0f066a214c2f5e87bad3c948f4d605d) (ScriptedImporter) -> (artifact id: '8c6ab7ba1d745d25ce78dd65bfe68415') in 0.0242541 seconds
Number of updated asset objects reloaded before import = 0Number of asset objects unloaded after import = 1

========================================================================
Received Import Request.
  Time since last request: 0.000025 seconds.
  path: Assets/Samples/XR Interaction Toolkit/3.3.0/Starter Assets/TunnelingVignette/TunnelingVignette.prefab
  artifactKey: Guid(6c8af5c8012f01440af6cb2bc3eb987c) Importer(2089858483,b0f066a214c2f5e87bad3c948f4d605d)
Start importing Assets/Samples/XR Interaction Toolkit/3.3.0/Starter Assets/TunnelingVignette/TunnelingVignette.prefab using Guid(6c8af5c8012f01440af6cb2bc3eb987c) Importer(2089858483,b0f066a214c2f5e87bad3c948f4d605d) (ScriptedImporter) -> (artifact id: 'b1a5d23ec207fae2b6ba69fc3a636de0') in 0.0556829 seconds
Number of updated asset objects reloaded before import = 0Number of asset objects unloaded after import = 10

========================================================================
Received Import Request.
  Time since last request: 0.000031 seconds.
  path: Assets/Samples/XR Interaction Toolkit/3.3.0/Starter Assets/Scripts/XRPokeFollowAffordance.cs
  artifactKey: Guid(07b3638c2f5db5b479ff24c2859713d4) Importer(2089858483,b0f066a214c2f5e87bad3c948f4d605d)
Start importing Assets/Samples/XR Interaction Toolkit/3.3.0/Starter Assets/Scripts/XRPokeFollowAffordance.cs using Guid(07b3638c2f5db5b479ff24c2859713d4) Importer(2089858483,b0f066a214c2f5e87bad3c948f4d605d) (ScriptedImporter) -> (artifact id: '5289a703318ba79aded2c75f6062b05f') in 0.0195631 seconds
Number of updated asset objects reloaded before import = 0Number of asset objects unloaded after import = 0

========================================================================
Received Import Request.
  Time since last request: 0.000036 seconds.
  path: Assets/Samples/XR Interaction Toolkit/3.3.0/Starter Assets/Shaders/Unlit_ShaderGraph.shadergraph
  artifactKey: Guid(740445f1490c01e4b8feacf8d9ab5e7f) Importer(2089858483,b0f066a214c2f5e87bad3c948f4d605d)
Start importing Assets/Samples/XR Interaction Toolkit/3.3.0/Starter Assets/Shaders/Unlit_ShaderGraph.shadergraph using Guid(740445f1490c01e4b8feacf8d9ab5e7f) Importer(2089858483,b0f066a214c2f5e87bad3c948f4d605d) (ScriptedImporter) -> (artifact id: '6cce9012a7ef326874cd92c41d9e8fbd') in 0.2435308 seconds
Number of updated asset objects reloaded before import = 0Number of asset objects unloaded after import = 6

========================================================================
Received Import Request.
  Time since last request: 0.000029 seconds.
  path: Assets/MobileARTemplateAssets/UI/Sprites/Icon-LiftAxisGizmo.png
  artifactKey: Guid(7d7267d5f5b16410f885ec459e512806) Importer(2089858483,b0f066a214c2f5e87bad3c948f4d605d)
Start importing Assets/MobileARTemplateAssets/UI/Sprites/Icon-LiftAxisGizmo.png using Guid(7d7267d5f5b16410f885ec459e512806) Importer(2089858483,b0f066a214c2f5e87bad3c948f4d605d) (ScriptedImporter) -> (artifact id: 'a0a47cea0dc2ff7bebf22cbdb71615c1') in 0.0218751 seconds
Number of updated asset objects reloaded before import = 0Number of asset objects unloaded after import = 3

========================================================================
Received Import Request.
  Time since last request: 0.000030 seconds.
  path: Assets/Samples/XR Interaction Toolkit/3.3.0/AR Starter Assets/ARDemoSceneAssets/AffordanceThemes/InteractionColor.asset
  artifactKey: Guid(d5504b88946c14d2b877dca02a8aecfc) Importer(2089858483,b0f066a214c2f5e87bad3c948f4d605d)
Start importing Assets/Samples/XR Interaction Toolkit/3.3.0/AR Starter Assets/ARDemoSceneAssets/AffordanceThemes/InteractionColor.asset using Guid(d5504b88946c14d2b877dca02a8aecfc) Importer(2089858483,b0f066a214c2f5e87bad3c948f4d605d) (ScriptedImporter) -> (artifact id: '125574deb51c63da8d6dca14983e5be5') in 0.0165824 seconds
Number of updated asset objects reloaded before import = 0Number of asset objects unloaded after import = 1

========================================================================
Received Import Request.
  Time since last request: 0.000014 seconds.
  path: Assets/MobileARTemplateAssets/UI/Sprites/Icon-SurfaceVisual.png
  artifactKey: Guid(3a4b02f0d013240a6bf58a4ffc88d105) Importer(2089858483,b0f066a214c2f5e87bad3c948f4d605d)
Start importing Assets/MobileARTemplateAssets/UI/Sprites/Icon-SurfaceVisual.png using Guid(3a4b02f0d013240a6bf58a4ffc88d105) Importer(2089858483,b0f066a214c2f5e87bad3c948f4d605d) (ScriptedImporter) -> (artifact id: 'e91d4641afeee8c6c2c8de695137ca29') in 0.0172254 seconds
Number of updated asset objects reloaded before import = 0Number of asset objects unloaded after import = 3

========================================================================
Received Import Request.
  Time since last request: 0.000017 seconds.
  path: Assets/Samples/XR Interaction Toolkit/3.3.0/AR Starter Assets/ARDemoSceneAssets/Models/Primitive_Arch.fbx
  artifactKey: Guid(1b1d3fffb2c30434b903b78194cc0997) Importer(2089858483,b0f066a214c2f5e87bad3c948f4d605d)
Start importing Assets/Samples/XR Interaction Toolkit/3.3.0/AR Starter Assets/ARDemoSceneAssets/Models/Primitive_Arch.fbx using Guid(1b1d3fffb2c30434b903b78194cc0997) Importer(2089858483,b0f066a214c2f5e87bad3c948f4d605d) (ScriptedImporter) -> (artifact id: '50b639456b83679bccb14cdfe503ad35') in 0.0153659 seconds
Number of updated asset objects reloaded before import = 0Number of asset objects unloaded after import = 7

========================================================================
Received Import Request.
  Time since last request: 0.000031 seconds.
  path: Assets/MobileARTemplateAssets/UI/Sprites/Icon-Editor.png
  artifactKey: Guid(ec8113952fe494e6f9868f08524e4e90) Importer(2089858483,b0f066a214c2f5e87bad3c948f4d605d)
Start importing Assets/MobileARTemplateAssets/UI/Sprites/Icon-Editor.png using Guid(ec8113952fe494e6f9868f08524e4e90) Importer(2089858483,b0f066a214c2f5e87bad3c948f4d605d) (ScriptedImporter) -> (artifact id: '0c8ef0351d4ccb31ff709b231ee9c026') in 0.0203539 seconds
Number of updated asset objects reloaded before import = 0Number of asset objects unloaded after import = 3

========================================================================
Received Import Request.
  Time since last request: 0.000020 seconds.
  path: Assets/TextMesh Pro/Shaders/TMP_SDF-Mobile Masking.shader
  artifactKey: Guid(bc1ede39bf3643ee8e493720e4259791) Importer(2089858483,b0f066a214c2f5e87bad3c948f4d605d)
Start importing Assets/TextMesh Pro/Shaders/TMP_SDF-Mobile Masking.shader using Guid(bc1ede39bf3643ee8e493720e4259791) Importer(2089858483,b0f066a214c2f5e87bad3c948f4d605d) (ScriptedImporter) -> (artifact id: '2fc9904fbfe768ed8a905b3899d64fe4') in 0.0129367 seconds
Number of updated asset objects reloaded before import = 0Number of asset objects unloaded after import = 1

========================================================================
Received Import Request.
  Time since last request: 0.000036 seconds.
  path: Assets/Samples/XR Interaction Toolkit/3.3.0/AR Starter Assets/ARDemoSceneAssets/Sprites/Button - Rounded Radius - 4px.png
  artifactKey: Guid(df3b17ab68da00343a77bebb0c295407) Importer(2089858483,b0f066a214c2f5e87bad3c948f4d605d)
Start importing Assets/Samples/XR Interaction Toolkit/3.3.0/AR Starter Assets/ARDemoSceneAssets/Sprites/Button - Rounded Radius - 4px.png using Guid(df3b17ab68da00343a77bebb0c295407) Importer(2089858483,b0f066a214c2f5e87bad3c948f4d605d) (ScriptedImporter) -> (artifact id: 'e7718dbf5b3f42b82b3ff9613223c546') in 0.0186454 seconds
Number of updated asset objects reloaded before import = 0Number of asset objects unloaded after import = 3

========================================================================
Received Import Request.
  Time since last request: 0.000038 seconds.
  path: Assets/Samples/XR Interaction Toolkit/3.3.0/AR Starter Assets/ARDemoSceneAssets/Prefabs/Arch.prefab
  artifactKey: Guid(13241d599ff10413498d04c6d683ca10) Importer(2089858483,b0f066a214c2f5e87bad3c948f4d605d)
Start importing Assets/Samples/XR Interaction Toolkit/3.3.0/AR Starter Assets/ARDemoSceneAssets/Prefabs/Arch.prefab using Guid(13241d599ff10413498d04c6d683ca10) Importer(2089858483,b0f066a214c2f5e87bad3c948f4d605d) (ScriptedImporter) -> (artifact id: '06d2f54f95e0ff82b12776e8549b85af') in 0.0269185 seconds
Number of updated asset objects reloaded before import = 0Number of asset objects unloaded after import = 23

========================================================================
Received Import Request.
  Time since last request: 0.000017 seconds.
  path: Assets/Samples/XR Interaction Toolkit/3.3.0/AR Starter Assets/ARDemoSceneAssets/Models/Primitive_RoundCube.fbx
  artifactKey: Guid(51244943ebdc847fb82a264e687db85a) Importer(2089858483,b0f066a214c2f5e87bad3c948f4d605d)
Start importing Assets/Samples/XR Interaction Toolkit/3.3.0/AR Starter Assets/ARDemoSceneAssets/Models/Primitive_RoundCube.fbx using Guid(51244943ebdc847fb82a264e687db85a) Importer(2089858483,b0f066a214c2f5e87bad3c948f4d605d) (ScriptedImporter) -> (artifact id: '9a8449d01e60f7dea0fee648083f644d') in 0.0174052 seconds
Number of updated asset objects reloaded before import = 0Number of asset objects unloaded after import = 7

========================================================================
Received Import Request.
  Time since last request: 0.000014 seconds.
  path: Assets/Samples/XR Interaction Toolkit/3.3.0/AR Starter Assets/ARDemoSceneAssets/Models/Primitive_Torus.fbx
  artifactKey: Guid(a100fee70bb8248c49f00bd953b097c2) Importer(2089858483,b0f066a214c2f5e87bad3c948f4d605d)
Start importing Assets/Samples/XR Interaction Toolkit/3.3.0/AR Starter Assets/ARDemoSceneAssets/Models/Primitive_Torus.fbx using Guid(a100fee70bb8248c49f00bd953b097c2) Importer(2089858483,b0f066a214c2f5e87bad3c948f4d605d) (ScriptedImporter) -> (artifact id: '59f1f1f14ee8e7a4c9954b60e681992c') in 0.0159781 seconds
Number of updated asset objects reloaded before import = 0Number of asset objects unloaded after import = 7

========================================================================
Received Import Request.
  Time since last request: 0.000067 seconds.
  path: Assets/Samples/XR Interaction Toolkit/3.3.0/AR Starter Assets/ARDemoSceneAssets/Prefabs/Torus.prefab
  artifactKey: Guid(8ae99c55d89c449b4be74f60dc81e02b) Importer(2089858483,b0f066a214c2f5e87bad3c948f4d605d)
Start importing Assets/Samples/XR Interaction Toolkit/3.3.0/AR Starter Assets/ARDemoSceneAssets/Prefabs/Torus.prefab using Guid(8ae99c55d89c449b4be74f60dc81e02b) Importer(2089858483,b0f066a214c2f5e87bad3c948f4d605d) (ScriptedImporter) -> (artifact id: '4d3e535d02631c137473e263b9dda5b1') in 0.020283 seconds
Number of updated asset objects reloaded before import = 0Number of asset objects unloaded after import = 25

========================================================================
Received Import Request.
  Time since last request: 0.000029 seconds.
  path: Assets/Samples/XR Interaction Toolkit/3.3.0/Starter Assets/Scripts/TeleportVolumeAnchorAffordanceStateLink.cs
  artifactKey: Guid(7da98a0edd844d83b9b4de3f91de030c) Importer(2089858483,b0f066a214c2f5e87bad3c948f4d605d)
Start importing Assets/Samples/XR Interaction Toolkit/3.3.0/Starter Assets/Scripts/TeleportVolumeAnchorAffordanceStateLink.cs using Guid(7da98a0edd844d83b9b4de3f91de030c) Importer(2089858483,b0f066a214c2f5e87bad3c948f4d605d) (ScriptedImporter) -> (artifact id: '2f2360086b3c7670cc95199453cc4a00') in 0.0117518 seconds
Number of updated asset objects reloaded before import = 0Number of asset objects unloaded after import = 0

========================================================================
Received Import Request.
  Time since last request: 0.000015 seconds.
  path: Assets/TextMesh Pro/Shaders/TMP_SDF-Mobile-2-Pass.shader
  artifactKey: Guid(0178fcb869bafef4690d177d31d17db8) Importer(2089858483,b0f066a214c2f5e87bad3c948f4d605d)
Start importing Assets/TextMesh Pro/Shaders/TMP_SDF-Mobile-2-Pass.shader using Guid(0178fcb869bafef4690d177d31d17db8) Importer(2089858483,b0f066a214c2f5e87bad3c948f4d605d) (ScriptedImporter) -> (artifact id: '3af6c9445bc1e81df93312de8749fae5') in 0.0135709 seconds
Number of updated asset objects reloaded before import = 0Number of asset objects unloaded after import = 1

========================================================================
Received Import Request.
  Time since last request: 0.000017 seconds.
  path: Assets/MobileARTemplateAssets/UI/Animation/Prompt_ScanSurface.anim
  artifactKey: Guid(4818187ee63f44dc6879558e64170df6) Importer(2089858483,b0f066a214c2f5e87bad3c948f4d605d)
Start importing Assets/MobileARTemplateAssets/UI/Animation/Prompt_ScanSurface.anim using Guid(4818187ee63f44dc6879558e64170df6) Importer(2089858483,b0f066a214c2f5e87bad3c948f4d605d) (ScriptedImporter) -> (artifact id: '6079bf32bafe08c5cc71fa3ea3810a89') in 0.0145153 seconds
Number of updated asset objects reloaded before import = 0Number of asset objects unloaded after import = 1

========================================================================
Received Import Request.
  Time since last request: 0.000018 seconds.
  path: Assets/Samples/XR Interaction Toolkit/3.3.0/Starter Assets/DemoSceneAssets/Materials/Concrete Grey.mat
  artifactKey: Guid(842f1b88643f1bb458ba6243088e344e) Importer(2089858483,b0f066a214c2f5e87bad3c948f4d605d)
Start importing Assets/Samples/XR Interaction Toolkit/3.3.0/Starter Assets/DemoSceneAssets/Materials/Concrete Grey.mat using Guid(842f1b88643f1bb458ba6243088e344e) Importer(2089858483,b0f066a214c2f5e87bad3c948f4d605d) (ScriptedImporter) -> (artifact id: 'cd7349ff38a793d21a24e5a8c160501b') in 0.0487194 seconds
Number of updated asset objects reloaded before import = 0Number of asset objects unloaded after import = 3

========================================================================
Received Import Request.
  Time since last request: 0.000054 seconds.
  path: Assets/Samples/XR Interaction Toolkit/3.3.0/Starter Assets/DemoSceneAssets/Models/Primitive_Torus_Cut.fbx
  artifactKey: Guid(46c1c422ff6897f49a404b012dc924d3) Importer(2089858483,b0f066a214c2f5e87bad3c948f4d605d)
Start importing Assets/Samples/XR Interaction Toolkit/3.3.0/Starter Assets/DemoSceneAssets/Models/Primitive_Torus_Cut.fbx using Guid(46c1c422ff6897f49a404b012dc924d3) Importer(2089858483,b0f066a214c2f5e87bad3c948f4d605d) (ScriptedImporter) -> (artifact id: '87a206219742dce169bcbc7583fd3370') in 0.0244056 seconds
Number of updated asset objects reloaded before import = 0Number of asset objects unloaded after import = 9

========================================================================
Received Import Request.
  Time since last request: 0.000028 seconds.
  path: Assets/Samples/XR Interaction Toolkit/3.3.0/AR Starter Assets/ARDemoSceneAssets/Sprites/Icon - Object - Pyramid.png
  artifactKey: Guid(d80cabb7f46004842b09173491e74cc6) Importer(2089858483,b0f066a214c2f5e87bad3c948f4d605d)
Start importing Assets/Samples/XR Interaction Toolkit/3.3.0/AR Starter Assets/ARDemoSceneAssets/Sprites/Icon - Object - Pyramid.png using Guid(d80cabb7f46004842b09173491e74cc6) Importer(2089858483,b0f066a214c2f5e87bad3c948f4d605d) (ScriptedImporter) -> (artifact id: '1a1f3c212a789a4dcac7fd9897e2b11e') in 0.0285753 seconds
Number of updated asset objects reloaded before import = 0Number of asset objects unloaded after import = 3

========================================================================
Received Import Request.
  Time since last request: 0.000028 seconds.
  path: Assets/Samples/XR Interaction Toolkit/3.3.0/AR Starter Assets/Editor/Scripts/ARStarterAssetsSampleProjectValidation.cs
  artifactKey: Guid(afbe50d4e50722e49a3d6d61e82f8750) Importer(2089858483,b0f066a214c2f5e87bad3c948f4d605d)
Start importing Assets/Samples/XR Interaction Toolkit/3.3.0/AR Starter Assets/Editor/Scripts/ARStarterAssetsSampleProjectValidation.cs using Guid(afbe50d4e50722e49a3d6d61e82f8750) Importer(2089858483,b0f066a214c2f5e87bad3c948f4d605d) (ScriptedImporter) -> (artifact id: '8f0de7d5e264231e298dc57639d52ce6') in 0.0154768 seconds
Number of updated asset objects reloaded before import = 0Number of asset objects unloaded after import = 0

========================================================================
Received Import Request.
  Time since last request: 0.000017 seconds.
  path: Assets/Samples/XR Interaction Toolkit/3.3.0/Starter Assets/DemoSceneAssets/Models/Primitive_Pyramid.fbx
  artifactKey: Guid(63e02ddb08ce42da868504e1333d48ae) Importer(2089858483,b0f066a214c2f5e87bad3c948f4d605d)
Start importing Assets/Samples/XR Interaction Toolkit/3.3.0/Starter Assets/DemoSceneAssets/Models/Primitive_Pyramid.fbx using Guid(63e02ddb08ce42da868504e1333d48ae) Importer(2089858483,b0f066a214c2f5e87bad3c948f4d605d) (ScriptedImporter) -> (artifact id: '09dbbbcebfbacb68a67e8569c0b3ffbc') in 0.027492 seconds
Number of updated asset objects reloaded before import = 0Number of asset objects unloaded after import = 9

========================================================================
Received Import Request.
  Time since last request: 0.000020 seconds.
  path: Assets/Samples/XR Interaction Toolkit/3.3.0/Starter Assets/DemoSceneAssets/Materials/MaterialPipelineHandler.asset
  artifactKey: Guid(fcbe69f7b69204d43b67d30e2487c37c) Importer(2089858483,b0f066a214c2f5e87bad3c948f4d605d)
Start importing Assets/Samples/XR Interaction Toolkit/3.3.0/Starter Assets/DemoSceneAssets/Materials/MaterialPipelineHandler.asset using Guid(fcbe69f7b69204d43b67d30e2487c37c) Importer(2089858483,b0f066a214c2f5e87bad3c948f4d605d) (ScriptedImporter) -> (artifact id: 'bca06c08e3441dae3ec0e916c9227152') in 0.0194951 seconds
Number of updated asset objects reloaded before import = 0Number of asset objects unloaded after import = 8

========================================================================
Received Import Request.
  Time since last request: 0.000053 seconds.
  path: Assets/Samples/XR Interaction Toolkit/3.3.0/Starter Assets/DemoSceneAssets/Prefabs/Poke Interactions Sample.prefab
  artifactKey: Guid(88246f8e9c3765d49be8da34eca3c630) Importer(2089858483,b0f066a214c2f5e87bad3c948f4d605d)
Start importing Assets/Samples/XR Interaction Toolkit/3.3.0/Starter Assets/DemoSceneAssets/Prefabs/Poke Interactions Sample.prefab using Guid(88246f8e9c3765d49be8da34eca3c630) Importer(2089858483,b0f066a214c2f5e87bad3c948f4d605d) (ScriptedImporter) -> (artifact id: '86b1f89f01cf803336525e94a6bb662c') in 0.0444603 seconds
Number of updated asset objects reloaded before import = 0Number of asset objects unloaded after import = 108

========================================================================
Received Import Request.
  Time since last request: 0.000031 seconds.
  path: Assets/Samples/XR Interaction Toolkit/3.3.0/Starter Assets/DemoSceneAssets/Prefabs/InteractionAffordance.prefab
  artifactKey: Guid(eb9104ef66b7305468adb3697fdeed5e) Importer(2089858483,b0f066a214c2f5e87bad3c948f4d605d)
Start importing Assets/Samples/XR Interaction Toolkit/3.3.0/Starter Assets/DemoSceneAssets/Prefabs/InteractionAffordance.prefab using Guid(eb9104ef66b7305468adb3697fdeed5e) Importer(2089858483,b0f066a214c2f5e87bad3c948f4d605d) (ScriptedImporter) -> (artifact id: '813108f8501eeb8be06e4db37af5ca0b') in 0.0297797 seconds
Number of updated asset objects reloaded before import = 0Number of asset objects unloaded after import = 10

========================================================================
Received Import Request.
  Time since last request: 0.000028 seconds.
  path: Assets/Samples/XR Interaction Toolkit/3.3.0/Starter Assets/DemoSceneAssets/Sprites/Circle_60x60_Horizontal.png
  artifactKey: Guid(e45f8f823c093d941855bb23b53b9414) Importer(2089858483,b0f066a214c2f5e87bad3c948f4d605d)
Start importing Assets/Samples/XR Interaction Toolkit/3.3.0/Starter Assets/DemoSceneAssets/Sprites/Circle_60x60_Horizontal.png using Guid(e45f8f823c093d941855bb23b53b9414) Importer(2089858483,b0f066a214c2f5e87bad3c948f4d605d) (ScriptedImporter) -> (artifact id: 'ebbf78dd3ac1c036b4bebdd6eb0316af') in 0.0229139 seconds
Number of updated asset objects reloaded before import = 0Number of asset objects unloaded after import = 3

========================================================================
Received Import Request.
  Time since last request: 0.000038 seconds.
  path: Assets/Samples/XR Interaction Toolkit/3.3.0/Starter Assets/DemoSceneAssets/Scripts/IncrementUIText.cs
  artifactKey: Guid(ba6ff5e7c92519444bc2a7ca46558963) Importer(2089858483,b0f066a214c2f5e87bad3c948f4d605d)
Start importing Assets/Samples/XR Interaction Toolkit/3.3.0/Starter Assets/DemoSceneAssets/Scripts/IncrementUIText.cs using Guid(ba6ff5e7c92519444bc2a7ca46558963) Importer(2089858483,b0f066a214c2f5e87bad3c948f4d605d) (ScriptedImporter) -> (artifact id: 'e9c59b53b5614ffbdc3fb3236732f49e') in 0.0121648 seconds
Number of updated asset objects reloaded before import = 0Number of asset objects unloaded after import = 0

========================================================================
Received Import Request.
  Time since last request: 0.000022 seconds.
  path: Assets/TextMesh Pro/Shaders/TMP_SDF-Mobile SSD.shader
  artifactKey: Guid(c8d12adcee749c344b8117cf7c7eb912) Importer(2089858483,b0f066a214c2f5e87bad3c948f4d605d)
Start importing Assets/TextMesh Pro/Shaders/TMP_SDF-Mobile SSD.shader using Guid(c8d12adcee749c344b8117cf7c7eb912) Importer(2089858483,b0f066a214c2f5e87bad3c948f4d605d) (ScriptedImporter) -> (artifact id: '71eb8201f8afa33b7d2fa96e3ebeb4e3') in 0.0164322 seconds
Number of updated asset objects reloaded before import = 0Number of asset objects unloaded after import = 1

========================================================================
Received Import Request.
  Time since last request: 0.000027 seconds.
  path: Assets/MobileARTemplateAssets/UI/Sprites/Icon-Options.png
  artifactKey: Guid(488046489eefe4d10b386a257204a3e0) Importer(2089858483,b0f066a214c2f5e87bad3c948f4d605d)
Start importing Assets/MobileARTemplateAssets/UI/Sprites/Icon-Options.png using Guid(488046489eefe4d10b386a257204a3e0) Importer(2089858483,b0f066a214c2f5e87bad3c948f4d605d) (ScriptedImporter) -> (artifact id: '9359a3a5671fec66f0cc2be296912229') in 0.0234525 seconds
Number of updated asset objects reloaded before import = 0Number of asset objects unloaded after import = 3

========================================================================
Received Import Request.
  Time since last request: 0.000026 seconds.
  path: Assets/Samples/XR Interaction Toolkit/3.3.0/Starter Assets/DemoSceneAssets/Textures/Concrete_Normal.tif
  artifactKey: Guid(cdebec39dbf81a14688e1de8d12897b4) Importer(2089858483,b0f066a214c2f5e87bad3c948f4d605d)
Start importing Assets/Samples/XR Interaction Toolkit/3.3.0/Starter Assets/DemoSceneAssets/Textures/Concrete_Normal.tif using Guid(cdebec39dbf81a14688e1de8d12897b4) Importer(2089858483,b0f066a214c2f5e87bad3c948f4d605d) (ScriptedImporter) -> (artifact id: '41e4dbc9b786950021f2ab9a546293ee') in 0.0210392 seconds
Number of updated asset objects reloaded before import = 0Number of asset objects unloaded after import = 1

========================================================================
Received Import Request.
  Time since last request: 0.000031 seconds.
  path: Assets/Samples/XR Interaction Toolkit/3.3.0/Starter Assets/Prefabs/Interactors/Poke Interactor.prefab
  artifactKey: Guid(27024f5809f4a4347b9cd7f26a1bdf93) Importer(2089858483,b0f066a214c2f5e87bad3c948f4d605d)
Start importing Assets/Samples/XR Interaction Toolkit/3.3.0/Starter Assets/Prefabs/Interactors/Poke Interactor.prefab using Guid(27024f5809f4a4347b9cd7f26a1bdf93) Importer(2089858483,b0f066a214c2f5e87bad3c948f4d605d) (ScriptedImporter) -> (artifact id: '2462ac714ba3acd03f6c0337c378c52d') in 0.0585722 seconds
Number of updated asset objects reloaded before import = 0Number of asset objects unloaded after import = 12

========================================================================
Received Import Request.
  Time since last request: 0.000024 seconds.
  path: Assets/Samples/XR Interaction Toolkit/3.3.0/Starter Assets/Prefabs/Interactors/Teleport Interactor.prefab
  artifactKey: Guid(c1800acf6366418a9b5f610249000331) Importer(2089858483,b0f066a214c2f5e87bad3c948f4d605d)
Start importing Assets/Samples/XR Interaction Toolkit/3.3.0/Starter Assets/Prefabs/Interactors/Teleport Interactor.prefab using Guid(c1800acf6366418a9b5f610249000331) Importer(2089858483,b0f066a214c2f5e87bad3c948f4d605d) (ScriptedImporter) -> (artifact id: 'eb819c77bfd4f7a9f2866cf9e61b92bb') in 0.3505171 seconds
Number of updated asset objects reloaded before import = 0Number of asset objects unloaded after import = 38

========================================================================
Received Import Request.
  Time since last request: 0.000097 seconds.
  path: Assets/Samples/XR Interaction Toolkit/3.3.0/Starter Assets/DemoSceneAssets/Prefabs/Climb/Climbing Wall.prefab
  artifactKey: Guid(a0ea40bd139aedc43b0e8374d6139437) Importer(2089858483,b0f066a214c2f5e87bad3c948f4d605d)
Start importing Assets/Samples/XR Interaction Toolkit/3.3.0/Starter Assets/DemoSceneAssets/Prefabs/Climb/Climbing Wall.prefab using Guid(a0ea40bd139aedc43b0e8374d6139437) Importer(2089858483,b0f066a214c2f5e87bad3c948f4d605d) (ScriptedImporter) -> (artifact id: '15de3aefe9cdac9a17d98b4b512f0ae0') in 0.034804 seconds
Number of updated asset objects reloaded before import = 0Number of asset objects unloaded after import = 345

========================================================================
Received Import Request.
  Time since last request: 0.000037 seconds.
  path: Assets/Samples/XR Interaction Toolkit/3.3.0/Starter Assets/Prefabs/Interactors/Right_NearFarInteractor.prefab
  artifactKey: Guid(b200f6587d118224eba8467281481800) Importer(2089858483,b0f066a214c2f5e87bad3c948f4d605d)
Start importing Assets/Samples/XR Interaction Toolkit/3.3.0/Starter Assets/Prefabs/Interactors/Right_NearFarInteractor.prefab using Guid(b200f6587d118224eba8467281481800) Importer(2089858483,b0f066a214c2f5e87bad3c948f4d605d) (ScriptedImporter) -> (artifact id: '6de269fb8f825e2cfbe2ca38fcb21747') in 0.0789999 seconds
Number of updated asset objects reloaded before import = 0Number of asset objects unloaded after import = 46

========================================================================
Received Import Request.
  Time since last request: 0.000022 seconds.
  path: Assets/Samples/XR Interaction Toolkit/3.3.0/Starter Assets/Editor/Scripts/StarterAssetsSampleProjectValidation.cs
  artifactKey: Guid(ef67ceb22b2224643a2d5004fc2a678a) Importer(2089858483,b0f066a214c2f5e87bad3c948f4d605d)
Start importing Assets/Samples/XR Interaction Toolkit/3.3.0/Starter Assets/Editor/Scripts/StarterAssetsSampleProjectValidation.cs using Guid(ef67ceb22b2224643a2d5004fc2a678a) Importer(2089858483,b0f066a214c2f5e87bad3c948f4d605d) (ScriptedImporter) -> (artifact id: 'afa182ca72c1294826ddfc5b7577f792') in 0.0131002 seconds
Number of updated asset objects reloaded before import = 0Number of asset objects unloaded after import = 0

========================================================================
Received Import Request.
  Time since last request: 0.000024 seconds.
  path: Assets/Samples/XR Interaction Toolkit/3.3.0/Starter Assets/DemoSceneAssets/Prefabs/Interactables/Confetti.prefab
  artifactKey: Guid(7942e6544a2b2ae48bcf988d9aed838d) Importer(2089858483,b0f066a214c2f5e87bad3c948f4d605d)
Start importing Assets/Samples/XR Interaction Toolkit/3.3.0/Starter Assets/DemoSceneAssets/Prefabs/Interactables/Confetti.prefab using Guid(7942e6544a2b2ae48bcf988d9aed838d) Importer(2089858483,b0f066a214c2f5e87bad3c948f4d605d) (ScriptedImporter) -> (artifact id: 'b5ad8af7600ddd77a970c47e662edb4f') in 0.1130155 seconds
Number of updated asset objects reloaded before import = 0Number of asset objects unloaded after import = 6

========================================================================
Received Import Request.
  Time since last request: 0.000034 seconds.
  path: Assets/Samples/XR Interaction Toolkit/3.3.0/Starter Assets/DemoSceneAssets/Prefabs/Interactables/Torus.prefab
  artifactKey: Guid(521327bdbcb341f782d36f02cab76cb0) Importer(2089858483,b0f066a214c2f5e87bad3c948f4d605d)
Start importing Assets/Samples/XR Interaction Toolkit/3.3.0/Starter Assets/DemoSceneAssets/Prefabs/Interactables/Torus.prefab using Guid(521327bdbcb341f782d36f02cab76cb0) Importer(2089858483,b0f066a214c2f5e87bad3c948f4d605d) (ScriptedImporter) -> (artifact id: 'd3e61ffccb7121e0386fd448d4e0b329') in 0.0283895 seconds
Number of updated asset objects reloaded before import = 0Number of asset objects unloaded after import = 25

========================================================================
Received Import Request.
  Time since last request: 0.000022 seconds.
  path: Assets/Samples/XR Interaction Toolkit/3.3.0/Starter Assets/DemoSceneAssets/Prefabs/UI/Dropdown.prefab
  artifactKey: Guid(870459f1cb8d7b7428337cc5935feb67) Importer(2089858483,b0f066a214c2f5e87bad3c948f4d605d)
Start importing Assets/Samples/XR Interaction Toolkit/3.3.0/Starter Assets/DemoSceneAssets/Prefabs/UI/Dropdown.prefab using Guid(870459f1cb8d7b7428337cc5935feb67) Importer(2089858483,b0f066a214c2f5e87bad3c948f4d605d) (ScriptedImporter) -> (artifact id: 'b503fb01f1eca1d3f2a7ac6afc0bf95d') in 0.0711868 seconds
Number of updated asset objects reloaded before import = 0Number of asset objects unloaded after import = 61

========================================================================
Received Import Request.
  Time since last request: 0.000061 seconds.
  path: Assets/Samples/XR Interaction Toolkit/3.3.0/Starter Assets/DemoSceneAssets/Prefabs/Climb/Single Floor Ladder.prefab
  artifactKey: Guid(1f62bdd0e59688d4bb754afe89fa2f5a) Importer(2089858483,b0f066a214c2f5e87bad3c948f4d605d)
Start importing Assets/Samples/XR Interaction Toolkit/3.3.0/Starter Assets/DemoSceneAssets/Prefabs/Climb/Single Floor Ladder.prefab using Guid(1f62bdd0e59688d4bb754afe89fa2f5a) Importer(2089858483,b0f066a214c2f5e87bad3c948f4d605d) (ScriptedImporter) -> (artifact id: '5f04c8e173f54c530086afb9e1b61efb') in 0.0271269 seconds
Number of updated asset objects reloaded before import = 0Number of asset objects unloaded after import = 198

========================================================================
Received Import Request.
  Time since last request: 0.000038 seconds.
  path: Assets/Samples/XR Interaction Toolkit/3.3.0/Starter Assets/DemoSceneAssets/Prefabs/UI/TextButton.prefab
  artifactKey: Guid(e5db301629853dd4a99835fa70099d79) Importer(2089858483,b0f066a214c2f5e87bad3c948f4d605d)
Start importing Assets/Samples/XR Interaction Toolkit/3.3.0/Starter Assets/DemoSceneAssets/Prefabs/UI/TextButton.prefab using Guid(e5db301629853dd4a99835fa70099d79) Importer(2089858483,b0f066a214c2f5e87bad3c948f4d605d) (ScriptedImporter) -> (artifact id: '1b1909c37a26ca4e6610e6da16b9c91a') in 0.025455 seconds
Number of updated asset objects reloaded before import = 0Number of asset objects unloaded after import = 24

========================================================================
Received Import Request.
  Time since last request: 0.000018 seconds.
  path: Assets/Samples/XR Interaction Toolkit/3.3.0/Starter Assets/DemoSceneAssets/Prefabs/UI/Interactive Controls.prefab
  artifactKey: Guid(7bbb1960bab3e75459304488d8d1ffba) Importer(2089858483,b0f066a214c2f5e87bad3c948f4d605d)
Start importing Assets/Samples/XR Interaction Toolkit/3.3.0/Starter Assets/DemoSceneAssets/Prefabs/UI/Interactive Controls.prefab using Guid(7bbb1960bab3e75459304488d8d1ffba) Importer(2089858483,b0f066a214c2f5e87bad3c948f4d605d) (ScriptedImporter) -> (artifact id: '83f7d3968706287571c200824e374e9d') in 0.037879 seconds
Number of updated asset objects reloaded before import = 0Number of asset objects unloaded after import = 198

========================================================================
Received Import Request.
  Time since last request: 0.000024 seconds.
  path: Assets/MobileARTemplateAssets/Prefabs/PyramidVariant.prefab
  artifactKey: Guid(3cbfcd4079a5031478389d5ab3c8c311) Importer(2089858483,b0f066a214c2f5e87bad3c948f4d605d)
Start importing Assets/MobileARTemplateAssets/Prefabs/PyramidVariant.prefab using Guid(3cbfcd4079a5031478389d5ab3c8c311) Importer(2089858483,b0f066a214c2f5e87bad3c948f4d605d) (ScriptedImporter) -> (artifact id: 'b4691e585e8b330fb32c0691465a4eb9') in 0.0301247 seconds
Number of updated asset objects reloaded before import = 0Number of asset objects unloaded after import = 49

========================================================================
Received Import Request.
  Time since last request: 0.000026 seconds.
  path: Assets/Samples/XR Interaction Toolkit/3.3.0/AR Starter Assets/ARDemoSceneAssets/Prefabs/Pyramid.prefab
  artifactKey: Guid(5642b79498b10465fa9219ba4682355b) Importer(2089858483,b0f066a214c2f5e87bad3c948f4d605d)
Start importing Assets/Samples/XR Interaction Toolkit/3.3.0/AR Starter Assets/ARDemoSceneAssets/Prefabs/Pyramid.prefab using Guid(5642b79498b10465fa9219ba4682355b) Importer(2089858483,b0f066a214c2f5e87bad3c948f4d605d) (ScriptedImporter) -> (artifact id: '1fc3b82c88b9c73abb193d7623156856') in 0.0270475 seconds
Number of updated asset objects reloaded before import = 0Number of asset objects unloaded after import = 25

========================================================================
Received Import Request.
  Time since last request: 0.000031 seconds.
  path: Assets/Samples/XR Interaction Toolkit/3.3.0/AR Starter Assets/ARDemoSceneAssets/Sprites/Button - Circular BG.png
  artifactKey: Guid(7347b6042ec9e40c4a3cbd7077c91e67) Importer(2089858483,b0f066a214c2f5e87bad3c948f4d605d)
Start importing Assets/Samples/XR Interaction Toolkit/3.3.0/AR Starter Assets/ARDemoSceneAssets/Sprites/Button - Circular BG.png using Guid(7347b6042ec9e40c4a3cbd7077c91e67) Importer(2089858483,b0f066a214c2f5e87bad3c948f4d605d) (ScriptedImporter) -> (artifact id: 'fc1a768cdc2fc993e3624ea779e0d3b6') in 0.0225784 seconds
Number of updated asset objects reloaded before import = 0Number of asset objects unloaded after import = 3

========================================================================
Received Import Request.
  Time since last request: 0.000019 seconds.
  path: Assets/Samples/XR Interaction Toolkit/3.3.0/Starter Assets/Scripts/ControllerInputActionManager.cs
  artifactKey: Guid(f9ac216f0eb04754b1d938aac6380b31) Importer(2089858483,b0f066a214c2f5e87bad3c948f4d605d)
Start importing Assets/Samples/XR Interaction Toolkit/3.3.0/Starter Assets/Scripts/ControllerInputActionManager.cs using Guid(f9ac216f0eb04754b1d938aac6380b31) Importer(2089858483,b0f066a214c2f5e87bad3c948f4d605d) (ScriptedImporter) -> (artifact id: 'b01f71c7473d64bade4c709d058f46b2') in 0.0128022 seconds
Number of updated asset objects reloaded before import = 0Number of asset objects unloaded after import = 0

========================================================================
Received Import Request.
  Time since last request: 0.000041 seconds.
  path: Assets/MobileARTemplateAssets/UI/Fonts/Inter-Regular_SDF.asset
  artifactKey: Guid(d1728ba5990034831bbe01f3a2578b70) Importer(2089858483,b0f066a214c2f5e87bad3c948f4d605d)
Start importing Assets/MobileARTemplateAssets/UI/Fonts/Inter-Regular_SDF.asset using Guid(d1728ba5990034831bbe01f3a2578b70) Importer(2089858483,b0f066a214c2f5e87bad3c948f4d605d) (ScriptedImporter) -> (artifact id: '7d5561d1e0b42eae11e5c534fc38115c') in 0.0344474 seconds
Number of updated asset objects reloaded before import = 0Number of asset objects unloaded after import = 3

========================================================================
Received Import Request.
  Time since last request: 0.000020 seconds.
  path: Assets/MobileARTemplateAssets/Materials/Concrete_Normal.tif
  artifactKey: Guid(ac1389e5bfca4384da60ced0c25f4a68) Importer(2089858483,b0f066a214c2f5e87bad3c948f4d605d)
Start importing Assets/MobileARTemplateAssets/Materials/Concrete_Normal.tif using Guid(ac1389e5bfca4384da60ced0c25f4a68) Importer(2089858483,b0f066a214c2f5e87bad3c948f4d605d) (ScriptedImporter) -> (artifact id: '38f931ed1a3065bb817afefd68472628') in 0.017978 seconds
Number of updated asset objects reloaded before import = 0Number of asset objects unloaded after import = 1

========================================================================
Received Import Request.
  Time since last request: 0.000020 seconds.
  path: Assets/TextMesh Pro/Shaders/TMP_SDF-Surface-Mobile.shader
  artifactKey: Guid(85187c2149c549c5b33f0cdb02836b17) Importer(2089858483,b0f066a214c2f5e87bad3c948f4d605d)
Start importing Assets/TextMesh Pro/Shaders/TMP_SDF-Surface-Mobile.shader using Guid(85187c2149c549c5b33f0cdb02836b17) Importer(2089858483,b0f066a214c2f5e87bad3c948f4d605d) (ScriptedImporter) -> (artifact id: 'c3cab86bbf9c45f002f970ec3c55cc87') in 0.0137284 seconds
Number of updated asset objects reloaded before import = 0Number of asset objects unloaded after import = 1

========================================================================
Received Import Request.
  Time since last request: 0.000026 seconds.
  path: Assets/Samples/XR Interaction Toolkit/3.3.0/Starter Assets/DemoSceneAssets/Prefabs/Teleport/Snap Teleport Anchor.prefab
  artifactKey: Guid(037ba65d346be2a48ad006b9a9a3873e) Importer(2089858483,b0f066a214c2f5e87bad3c948f4d605d)
Start importing Assets/Samples/XR Interaction Toolkit/3.3.0/Starter Assets/DemoSceneAssets/Prefabs/Teleport/Snap Teleport Anchor.prefab using Guid(037ba65d346be2a48ad006b9a9a3873e) Importer(2089858483,b0f066a214c2f5e87bad3c948f4d605d) (ScriptedImporter) -> (artifact id: '8b4a23e23cbad26431cf654edc087432') in 0.0321953 seconds
Number of updated asset objects reloaded before import = 0Number of asset objects unloaded after import = 37

========================================================================
Received Import Request.
  Time since last request: 0.000019 seconds.
  path: Assets/Samples/XR Interaction Toolkit/3.3.0/AR Starter Assets/ARDemoSceneAssets/Models/Primitive_Cube_Debug.fbx
  artifactKey: Guid(f396e3429a4864fc2ad497cb3ce5fe2c) Importer(2089858483,b0f066a214c2f5e87bad3c948f4d605d)
Start importing Assets/Samples/XR Interaction Toolkit/3.3.0/AR Starter Assets/ARDemoSceneAssets/Models/Primitive_Cube_Debug.fbx using Guid(f396e3429a4864fc2ad497cb3ce5fe2c) Importer(2089858483,b0f066a214c2f5e87bad3c948f4d605d) (ScriptedImporter) -> (artifact id: '463dd072d3ca75fe06b632fb70e9ef0c') in 0.021757 seconds
Number of updated asset objects reloaded before import = 0Number of asset objects unloaded after import = 25

========================================================================
Received Import Request.
  Time since last request: 0.000019 seconds.
  path: Assets/Samples/XR Interaction Toolkit/3.3.0/AR Starter Assets/ARDemoSceneAssets/Sprites/Icon - Object - Arch.png
  artifactKey: Guid(df7e78ca980944172aec00b77115a8c5) Importer(2089858483,b0f066a214c2f5e87bad3c948f4d605d)
Start importing Assets/Samples/XR Interaction Toolkit/3.3.0/AR Starter Assets/ARDemoSceneAssets/Sprites/Icon - Object - Arch.png using Guid(df7e78ca980944172aec00b77115a8c5) Importer(2089858483,b0f066a214c2f5e87bad3c948f4d605d) (ScriptedImporter) -> (artifact id: '07c59e5fa7f614b31c2ee85961e4977f') in 0.0234109 seconds
Number of updated asset objects reloaded before import = 0Number of asset objects unloaded after import = 3

========================================================================
Received Import Request.
  Time since last request: 0.000023 seconds.
  path: Assets/MobileARTemplateAssets/UI/Sprites/MixedCorners.png
  artifactKey: Guid(811ff44a671c34f55ab743fc4f8c3319) Importer(2089858483,b0f066a214c2f5e87bad3c948f4d605d)
Start importing Assets/MobileARTemplateAssets/UI/Sprites/MixedCorners.png using Guid(811ff44a671c34f55ab743fc4f8c3319) Importer(2089858483,b0f066a214c2f5e87bad3c948f4d605d) (ScriptedImporter) -> (artifact id: '5136ee438f2f6644343aa88024fdf0dd') in 0.0204861 seconds
Number of updated asset objects reloaded before import = 0Number of asset objects unloaded after import = 3

========================================================================
Received Import Request.
  Time since last request: 0.000055 seconds.
  path: Assets/Samples/XR Interaction Toolkit/3.3.0/Starter Assets/DemoSceneAssets/Sprites/Asset.png
  artifactKey: Guid(17d565bb4a7744b41b7e4dc7e3a09e35) Importer(2089858483,b0f066a214c2f5e87bad3c948f4d605d)
Start importing Assets/Samples/XR Interaction Toolkit/3.3.0/Starter Assets/DemoSceneAssets/Sprites/Asset.png using Guid(17d565bb4a7744b41b7e4dc7e3a09e35) Importer(2089858483,b0f066a214c2f5e87bad3c948f4d605d) (ScriptedImporter) -> (artifact id: '72da49679e2d3c4b5b27f189f3112bf2') in 0.0235398 seconds
Number of updated asset objects reloaded before import = 0Number of asset objects unloaded after import = 3

========================================================================
Received Import Request.
  Time since last request: 0.000031 seconds.
  path: Assets/Samples/XR Interaction Toolkit/3.3.0/Starter Assets/Scripts/ToggleColorToggler.cs
  artifactKey: Guid(cb280e627cedda749b93045b8dd8d327) Importer(2089858483,b0f066a214c2f5e87bad3c948f4d605d)
Start importing Assets/Samples/XR Interaction Toolkit/3.3.0/Starter Assets/Scripts/ToggleColorToggler.cs using Guid(cb280e627cedda749b93045b8dd8d327) Importer(2089858483,b0f066a214c2f5e87bad3c948f4d605d) (ScriptedImporter) -> (artifact id: '89e0bb04e710d97dcf01532590b05f24') in 0.0143583 seconds
Number of updated asset objects reloaded before import = 0Number of asset objects unloaded after import = 0

========================================================================
Received Import Request.
  Time since last request: 0.000043 seconds.
  path: Assets/Samples/XR Interaction Toolkit/3.3.0/Starter Assets/Prefabs/Interactors/Ray Interactor.prefab
  artifactKey: Guid(ad818c36731146e994540a1896ad8f24) Importer(2089858483,b0f066a214c2f5e87bad3c948f4d605d)
Start importing Assets/Samples/XR Interaction Toolkit/3.3.0/Starter Assets/Prefabs/Interactors/Ray Interactor.prefab using Guid(ad818c36731146e994540a1896ad8f24) Importer(2089858483,b0f066a214c2f5e87bad3c948f4d605d) (ScriptedImporter) -> (artifact id: '1a9c2aa626fc900d3c16e60dad65e744') in 0.0325181 seconds
Number of updated asset objects reloaded before import = 0Number of asset objects unloaded after import = 10

========================================================================
Received Import Request.
  Time since last request: 0.000029 seconds.
  path: Assets/MobileARTemplateAssets/Shaders/ShadowReceiver/MainLightShadowsSubgraph.shadersubgraph
  artifactKey: Guid(f3ba9248037f69f429d9e52bc2e30940) Importer(2089858483,b0f066a214c2f5e87bad3c948f4d605d)
Start importing Assets/MobileARTemplateAssets/Shaders/ShadowReceiver/MainLightShadowsSubgraph.shadersubgraph using Guid(f3ba9248037f69f429d9e52bc2e30940) Importer(2089858483,b0f066a214c2f5e87bad3c948f4d605d) (ScriptedImporter) -> (artifact id: 'aad9af33fdd7724fa2909639cc856d4d') in 0.0165852 seconds
Number of updated asset objects reloaded before import = 0Number of asset objects unloaded after import = 1

========================================================================
Received Import Request.
  Time since last request: 0.000018 seconds.
  path: Assets/TextMesh Pro/Shaders/TMP_SDF Overlay.shader
  artifactKey: Guid(dd89cf5b9246416f84610a006f916af7) Importer(2089858483,b0f066a214c2f5e87bad3c948f4d605d)
Start importing Assets/TextMesh Pro/Shaders/TMP_SDF Overlay.shader using Guid(dd89cf5b9246416f84610a006f916af7) Importer(2089858483,b0f066a214c2f5e87bad3c948f4d605d) (ScriptedImporter) -> (artifact id: '4d86e5517abe5cd2a2ae1c810474ff62') in 0.0115928 seconds
Number of updated asset objects reloaded before import = 0Number of asset objects unloaded after import = 1

========================================================================
Received Import Request.
  Time since last request: 0.000021 seconds.
  path: Assets/Samples/XR Interaction Toolkit/3.3.0/Starter Assets/Scripts/MaterialPipelineHandler.cs
  artifactKey: Guid(e7883133e628dff4a86f50c082f77055) Importer(2089858483,b0f066a214c2f5e87bad3c948f4d605d)
Start importing Assets/Samples/XR Interaction Toolkit/3.3.0/Starter Assets/Scripts/MaterialPipelineHandler.cs using Guid(e7883133e628dff4a86f50c082f77055) Importer(2089858483,b0f066a214c2f5e87bad3c948f4d605d) (ScriptedImporter) -> (artifact id: 'c4e86e18a51450517d597d89aec3621e') in 0.0125732 seconds
Number of updated asset objects reloaded before import = 0Number of asset objects unloaded after import = 0

========================================================================
Received Import Request.
  Time since last request: 0.000037 seconds.
  path: Assets/Samples/XR Interaction Toolkit/3.3.0/Starter Assets/DemoSceneAssets/Prefabs/Far Grab Samples.prefab
  artifactKey: Guid(f5ee409d69254d64da7a3b74d31a5a40) Importer(2089858483,b0f066a214c2f5e87bad3c948f4d605d)
Start importing Assets/Samples/XR Interaction Toolkit/3.3.0/Starter Assets/DemoSceneAssets/Prefabs/Far Grab Samples.prefab using Guid(f5ee409d69254d64da7a3b74d31a5a40) Importer(2089858483,b0f066a214c2f5e87bad3c948f4d605d) (ScriptedImporter) -> (artifact id: '8d08c5d27bab8873b990028ebdb707a7') in 0.0178992 seconds
Number of updated asset objects reloaded before import = 0Number of asset objects unloaded after import = 84

========================================================================
Received Import Request.
  Time since last request: 0.000020 seconds.
  path: Assets/MobileARTemplateAssets/UI/Sprites/Icon-Debug.png
  artifactKey: Guid(ed3bd8bef796a438dac8b778a887af91) Importer(2089858483,b0f066a214c2f5e87bad3c948f4d605d)
Start importing Assets/MobileARTemplateAssets/UI/Sprites/Icon-Debug.png using Guid(ed3bd8bef796a438dac8b778a887af91) Importer(2089858483,b0f066a214c2f5e87bad3c948f4d605d) (ScriptedImporter) -> (artifact id: '8df14a95205ddec92a3bec22552758ff') in 0.0152725 seconds
Number of updated asset objects reloaded before import = 0Number of asset objects unloaded after import = 3

========================================================================
Received Import Request.
  Time since last request: 0.000019 seconds.
  path: Assets/MobileARTemplateAssets/UI/Animation/Prompt_InputRotate.anim
  artifactKey: Guid(84983c16b0be742e79713e6c173e09b9) Importer(2089858483,b0f066a214c2f5e87bad3c948f4d605d)
Start importing Assets/MobileARTemplateAssets/UI/Animation/Prompt_InputRotate.anim using Guid(84983c16b0be742e79713e6c173e09b9) Importer(2089858483,b0f066a214c2f5e87bad3c948f4d605d) (ScriptedImporter) -> (artifact id: 'fdae79ae8011e30034c0cb0b565ba5d1') in 0.014275 seconds
Number of updated asset objects reloaded before import = 0Number of asset objects unloaded after import = 1

========================================================================
Received Import Request.
  Time since last request: 0.000022 seconds.
  path: Assets/TextMesh Pro/Shaders/TMP_Bitmap.shader
  artifactKey: Guid(128e987d567d4e2c824d754223b3f3b0) Importer(2089858483,b0f066a214c2f5e87bad3c948f4d605d)
Start importing Assets/TextMesh Pro/Shaders/TMP_Bitmap.shader using Guid(128e987d567d4e2c824d754223b3f3b0) Importer(2089858483,b0f066a214c2f5e87bad3c948f4d605d) (ScriptedImporter) -> (artifact id: 'f6783e19699a10c6d89b7cc5771ea8e3') in 0.0140562 seconds
Number of updated asset objects reloaded before import = 0Number of asset objects unloaded after import = 1

========================================================================
Received Import Request.
  Time since last request: 0.000022 seconds.
  path: Assets/MobileARTemplateAssets/UI/Sprites/Icon-Cube_Move.png
  artifactKey: Guid(4216aa950c3d04665ba85191ced11370) Importer(2089858483,b0f066a214c2f5e87bad3c948f4d605d)
Start importing Assets/MobileARTemplateAssets/UI/Sprites/Icon-Cube_Move.png using Guid(4216aa950c3d04665ba85191ced11370) Importer(2089858483,b0f066a214c2f5e87bad3c948f4d605d) (ScriptedImporter) -> (artifact id: 'f214b2d744ad9162bfe54b8931b01da0') in 0.0166759 seconds
Number of updated asset objects reloaded before import = 0Number of asset objects unloaded after import = 3

========================================================================
Received Import Request.
  Time since last request: 0.000028 seconds.
  path: Assets/MobileARTemplateAssets/UI/Sprites/Icon-Gesture_Touch.png
  artifactKey: Guid(4e11f0aa199634c06a9b17d25af9ded6) Importer(2089858483,b0f066a214c2f5e87bad3c948f4d605d)
Start importing Assets/MobileARTemplateAssets/UI/Sprites/Icon-Gesture_Touch.png using Guid(4e11f0aa199634c06a9b17d25af9ded6) Importer(2089858483,b0f066a214c2f5e87bad3c948f4d605d) (ScriptedImporter) -> (artifact id: '93cf6316a38ae88bba68de87a24739a6') in 0.020844 seconds
Number of updated asset objects reloaded before import = 0Number of asset objects unloaded after import = 3

========================================================================
Received Import Request.
  Time since last request: 0.000030 seconds.
  path: Assets/XR/Loaders/AR Core Loader.asset
  artifactKey: Guid(bbf1bbcc68185fe41b723ad39ec4d68e) Importer(2089858483,b0f066a214c2f5e87bad3c948f4d605d)
Start importing Assets/XR/Loaders/AR Core Loader.asset using Guid(bbf1bbcc68185fe41b723ad39ec4d68e) Importer(2089858483,b0f066a214c2f5e87bad3c948f4d605d) (ScriptedImporter) -> (artifact id: '1fa928ebd07b82b03eab276d21651b84') in 0.012329 seconds
Number of updated asset objects reloaded before import = 0Number of asset objects unloaded after import = 1

========================================================================
Received Import Request.
  Time since last request: 0.000016 seconds.
  path: Assets/Samples/XR Interaction Toolkit/3.3.0/AR Starter Assets/ARDemoSceneAssets/Animation/ObjectMenu.controller
  artifactKey: Guid(ae6550a74e362409db131b3a4372b4cb) Importer(2089858483,b0f066a214c2f5e87bad3c948f4d605d)
Start importing Assets/Samples/XR Interaction Toolkit/3.3.0/AR Starter Assets/ARDemoSceneAssets/Animation/ObjectMenu.controller using Guid(ae6550a74e362409db131b3a4372b4cb) Importer(2089858483,b0f066a214c2f5e87bad3c948f4d605d) (ScriptedImporter) -> (artifact id: '42c99260279bb6aad47dd28950d2de4f') in 0.0163448 seconds
Number of updated asset objects reloaded before import = 0Number of asset objects unloaded after import = 7

========================================================================
Received Import Request.
  Time since last request: 0.000021 seconds.
  path: Assets/MobileARTemplateAssets/Tutorial/TutorialWelcomePage.asset
  artifactKey: Guid(372cd04c6abd79145a59a935c886b287) Importer(2089858483,b0f066a214c2f5e87bad3c948f4d605d)
Start importing Assets/MobileARTemplateAssets/Tutorial/TutorialWelcomePage.asset using Guid(372cd04c6abd79145a59a935c886b287) Importer(2089858483,b0f066a214c2f5e87bad3c948f4d605d) (ScriptedImporter) -> (artifact id: '5a8dd0e9da67a78b11a8a0dd1f2f6666') in 0.0298717 seconds
Number of updated asset objects reloaded before import = 0Number of asset objects unloaded after import = 2

========================================================================
Received Import Request.
  Time since last request: 0.000025 seconds.
  path: Assets/Samples/XR Interaction Toolkit/3.3.0/Starter Assets/TunnelingVignette/TunnelingVignetteSG.shadergraph
  artifactKey: Guid(c109fab5d2bf5f64598ed69d2c16ceb3) Importer(2089858483,b0f066a214c2f5e87bad3c948f4d605d)
Start importing Assets/Samples/XR Interaction Toolkit/3.3.0/Starter Assets/TunnelingVignette/TunnelingVignetteSG.shadergraph using Guid(c109fab5d2bf5f64598ed69d2c16ceb3) Importer(2089858483,b0f066a214c2f5e87bad3c948f4d605d) (ScriptedImporter) -> (artifact id: '304b1b7b3ba192f8e78517973bb01bd7') in 0.0172262 seconds
Number of updated asset objects reloaded before import = 0Number of asset objects unloaded after import = 5

========================================================================
Received Prepare
WARNING: Shader Unsupported: 'Hidden/Simulation/URP/Synthetic' - All subshaders removed
WARNING: Shader Did you use #pragma only_renderers and omit this platform?
WARNING: Shader If subshaders removal was intentional, you may have forgotten turning Fallback off?
WARNING: Shader Unsupported: 'Hidden/Simulation/URP/Synthetic' - All subshaders removed
WARNING: Shader Did you use #pragma only_renderers and omit this platform?
WARNING: Shader If subshaders removal was intentional, you may have forgotten turning Fallback off?
WARNING: Shader Unsupported: 'Hidden/Simulation/Synthetic Lit' - All subshaders removed
WARNING: Shader Did you use #pragma only_renderers and omit this platform?
WARNING: Shader If subshaders removal was intentional, you may have forgotten turning Fallback off?
WARNING: Shader Unsupported: 'Hidden/Simulation/Synthetic Lit' - All subshaders removed
WARNING: Shader Did you use #pragma only_renderers and omit this platform?
WARNING: Shader If subshaders removal was intentional, you may have forgotten turning Fallback off?
WARNING: Shader Unsupported: 'Simulation/Standard Lit' - All subshaders removed
WARNING: Shader Did you use #pragma only_renderers and omit this platform?
WARNING: Shader If subshaders removal was intentional, you may have forgotten turning Fallback off?
WARNING: Shader Unsupported: 'Simulation/Standard Lit' - All subshaders removed
WARNING: Shader Did you use #pragma only_renderers and omit this platform?
WARNING: Shader If subshaders removal was intentional, you may have forgotten turning Fallback off?
WARNING: Shader Unsupported: 'Simulation/URP/Room X-Ray' - All subshaders removed
WARNING: Shader Did you use #pragma only_renderers and omit this platform?
WARNING: Shader If subshaders removal was intentional, you may have forgotten turning Fallback off?
WARNING: Shader Unsupported: 'Simulation/URP/Room X-Ray' - All subshaders removed
WARNING: Shader Did you use #pragma only_renderers and omit this platform?
WARNING: Shader If subshaders removal was intentional, you may have forgotten turning Fallback off?
WARNING: Shader Unsupported: 'Simulation/Room X-Ray' - All subshaders removed
WARNING: Shader Did you use #pragma only_renderers and omit this platform?
WARNING: Shader If subshaders removal was intentional, you may have forgotten turning Fallback off?
WARNING: Shader Unsupported: 'Simulation/Room X-Ray' - All subshaders removed
WARNING: Shader Did you use #pragma only_renderers and omit this platform?
WARNING: Shader If subshaders removal was intentional, you may have forgotten turning Fallback off?
WARNING: Shader Unsupported: 'Simulation/URP/Lit' - All subshaders removed
WARNING: Shader Did you use #pragma only_renderers and omit this platform?
WARNING: Shader If subshaders removal was intentional, you may have forgotten turning Fallback off?
WARNING: Shader Unsupported: 'Simulation/URP/Lit' - All subshaders removed
WARNING: Shader Did you use #pragma only_renderers and omit this platform?
WARNING: Shader If subshaders removal was intentional, you may have forgotten turning Fallback off?
Refreshing native plugins compatible for Editor in 4.04 ms, found 1 plugins.
Preloading 0 native plugins for Editor in 0.00 ms.
Unloading 26 Unused Serialized files (Serialized files now loaded: 0)
Unloading 47 unused Assets / (3.8 MB). Loaded Objects now: 6838.
Memory consumption went from 153.2 MB to 149.4 MB.
Total: 15.385400 ms (FindLiveObjects: 0.473100 ms CreateObjectMapping: 0.319100 ms MarkObjects: 12.242200 ms  DeleteObjects: 2.348400 ms)

Prepare: number of updated asset objects reloaded= 55
AssetImportParameters requested are different than current active one (requested -> active):
  colorSpace: 0 -> 1
========================================================================
Received Import Request.
  Time since last request: 97.266821 seconds.
  path: Assets/Scenes/AR Template Scene.unity
  artifactKey: Guid(55be3adf7817e2940a20b3b29b6a8f3d) Importer(2089858483,b0f066a214c2f5e87bad3c948f4d605d)
Start importing Assets/Scenes/AR Template Scene.unity using Guid(55be3adf7817e2940a20b3b29b6a8f3d) Importer(2089858483,b0f066a214c2f5e87bad3c948f4d605d) (ScriptedImporter) -> (artifact id: '0e6db61fd58e102586549e72466ee699') in 0.0245915 seconds
Number of updated asset objects reloaded before import = 0Number of asset objects unloaded after import = 1

========================================================================
Received Import Request.
  Time since last request: 0.000017 seconds.
  path: Assets/Scenes/AR Template Scene/Screen Space Ray Interactor.prefab
  artifactKey: Guid(07317fb2858633d4783a026795e23741) Importer(2089858483,b0f066a214c2f5e87bad3c948f4d605d)
Start importing Assets/Scenes/AR Template Scene/Screen Space Ray Interactor.prefab using Guid(07317fb2858633d4783a026795e23741) Importer(2089858483,b0f066a214c2f5e87bad3c948f4d605d) (ScriptedImporter) -> (artifact id: '012304a720250f091f5431f16b003e03') in 0.0781469 seconds
Number of updated asset objects reloaded before import = 0Number of asset objects unloaded after import = 27

========================================================================
Received Import Request.
  Time since last request: 88.585670 seconds.
  path: Assets/XR/XRGeneralSettings.asset
  artifactKey: Guid(3fd4fc0127790db4bae83f7b77da8d45) Importer(2089858483,b0f066a214c2f5e87bad3c948f4d605d)
Start importing Assets/XR/XRGeneralSettings.asset using Guid(3fd4fc0127790db4bae83f7b77da8d45) Importer(2089858483,b0f066a214c2f5e87bad3c948f4d605d) (ScriptedImporter) -> (artifact id: '33cb9b556d827fb00ee61a1d1ccb9960') in 0.0136926 seconds
Number of updated asset objects reloaded before import = 9Number of asset objects unloaded after import = 1

========================================================================
Received Prepare
Begin MonoManager ReloadAssembly
[Licensing::Client] Successfully resolved entitlement details
- Loaded All Assemblies, in  0.640 seconds
Refreshing native plugins compatible for Editor in 1.71 ms, found 1 plugins.
Native extension for WindowsStandalone target not found
Native extension for WebGL target not found
[Package Manager] Failed to launch server process. Reason: Unity was launched with the -noUpm command-line argument
[Package Manager] Unable to send message (not connected to server process).
[Package Manager] Cannot connect to Unity Package Manager local server
ScheduleIndexationOnStartup MainProcess:False IndexOnStartup:True
Mono: successfully reloaded assembly
[Package Manager] Failed to launch server process. Reason: Unity was launched with the -noUpm command-line argument
[Package Manager] Unable to send message (not connected to server process).
[Package Manager] Cannot connect to Unity Package Manager local server
- Finished resetting the current domain, in  0.656 seconds
Domain Reload Profiling: 1295ms
	BeginReloadAssembly (215ms)
		ExecutionOrderSort (0ms)
		DisableScriptedObjects (6ms)
		BackupInstance (0ms)
		ReleaseScriptingObjects (0ms)
		CreateAndSetChildDomain (59ms)
	RebuildCommonClasses (33ms)
	RebuildNativeTypeToScriptingClass (12ms)
	initialDomainReloadingComplete (24ms)
	LoadAllAssembliesAndSetupDomain (353ms)
		LoadAssemblies (278ms)
		RebuildTransferFunctionScriptingTraits (0ms)
		AnalyzeDomain (164ms)
			TypeCache.Refresh (7ms)
				TypeCache.ScanAssembly (0ms)
			BuildScriptInfoCaches (142ms)
			ResolveRequiredComponents (11ms)
	FinalizeReload (657ms)
		ReleaseScriptCaches (0ms)
		RebuildScriptCaches (0ms)
		SetupLoadedEditorAssemblies (494ms)
			LogAssemblyErrors (0ms)
			InitializePlatformSupportModulesInManaged (2ms)
			SetLoadedEditorAssemblies (3ms)
			BeforeProcessingInitializeOnLoad (120ms)
			ProcessInitializeOnLoadAttributes (288ms)
			ProcessInitializeOnLoadMethodAttributes (75ms)
			AfterProcessingInitializeOnLoad (6ms)
			EditorAssembliesLoaded (1ms)
		ExecutionOrderSort2 (0ms)
		AwakeInstancesAfterBackupRestoration (16ms)
WARNING: Shader Unsupported: 'Hidden/Simulation/URP/Synthetic' - All subshaders removed
WARNING: Shader Did you use #pragma only_renderers and omit this platform?
WARNING: Shader If subshaders removal was intentional, you may have forgotten turning Fallback off?
WARNING: Shader Unsupported: 'Hidden/Simulation/URP/Synthetic' - All subshaders removed
WARNING: Shader Did you use #pragma only_renderers and omit this platform?
WARNING: Shader If subshaders removal was intentional, you may have forgotten turning Fallback off?
WARNING: Shader Unsupported: 'Hidden/Simulation/Synthetic Lit' - All subshaders removed
WARNING: Shader Did you use #pragma only_renderers and omit this platform?
WARNING: Shader If subshaders removal was intentional, you may have forgotten turning Fallback off?
WARNING: Shader Unsupported: 'Hidden/Simulation/Synthetic Lit' - All subshaders removed
WARNING: Shader Did you use #pragma only_renderers and omit this platform?
WARNING: Shader If subshaders removal was intentional, you may have forgotten turning Fallback off?
WARNING: Shader Unsupported: 'Simulation/Standard Lit' - All subshaders removed
WARNING: Shader Did you use #pragma only_renderers and omit this platform?
WARNING: Shader If subshaders removal was intentional, you may have forgotten turning Fallback off?
WARNING: Shader Unsupported: 'Simulation/Standard Lit' - All subshaders removed
WARNING: Shader Did you use #pragma only_renderers and omit this platform?
WARNING: Shader If subshaders removal was intentional, you may have forgotten turning Fallback off?
WARNING: Shader Unsupported: 'Simulation/URP/Room X-Ray' - All subshaders removed
WARNING: Shader Did you use #pragma only_renderers and omit this platform?
WARNING: Shader If subshaders removal was intentional, you may have forgotten turning Fallback off?
WARNING: Shader Unsupported: 'Simulation/URP/Room X-Ray' - All subshaders removed
WARNING: Shader Did you use #pragma only_renderers and omit this platform?
WARNING: Shader If subshaders removal was intentional, you may have forgotten turning Fallback off?
WARNING: Shader Unsupported: 'Simulation/Room X-Ray' - All subshaders removed
WARNING: Shader Did you use #pragma only_renderers and omit this platform?
WARNING: Shader If subshaders removal was intentional, you may have forgotten turning Fallback off?
WARNING: Shader Unsupported: 'Simulation/Room X-Ray' - All subshaders removed
WARNING: Shader Did you use #pragma only_renderers and omit this platform?
WARNING: Shader If subshaders removal was intentional, you may have forgotten turning Fallback off?
WARNING: Shader Unsupported: 'Simulation/URP/Lit' - All subshaders removed
WARNING: Shader Did you use #pragma only_renderers and omit this platform?
WARNING: Shader If subshaders removal was intentional, you may have forgotten turning Fallback off?
WARNING: Shader Unsupported: 'Simulation/URP/Lit' - All subshaders removed
WARNING: Shader Did you use #pragma only_renderers and omit this platform?
WARNING: Shader If subshaders removal was intentional, you may have forgotten turning Fallback off?
Refreshing native plugins compatible for Editor in 2.03 ms, found 1 plugins.
Preloading 0 native plugins for Editor in 0.00 ms.
Unloading 24 Unused Serialized files (Serialized files now loaded: 0)
Unloading 6004 unused Assets / (14.0 MB). Loaded Objects now: 6854.
Memory consumption went from 187.6 MB to 173.5 MB.
Total: 10.440200 ms (FindLiveObjects: 0.484700 ms CreateObjectMapping: 0.431500 ms MarkObjects: 4.775500 ms  DeleteObjects: 4.747300 ms)

Prepare: number of updated asset objects reloaded= 0
========================================================================
Received Import Request.
  Time since last request: 835.909705 seconds.
  path: Assets/Scenes
  artifactKey: Guid(dfd117ab5d00545419e681b68d383799) Importer(815301076,1909f56bfc062723c751e8b465ee728b)
Start importing Assets/Scenes using Guid(dfd117ab5d00545419e681b68d383799) Importer(815301076,1909f56bfc062723c751e8b465ee728b) (PreviewImporter) -> (artifact id: '568c6d1aa565b06593c31ae9a7305eb3') in 0.0133349 seconds
Number of updated asset objects reloaded before import = 0Number of asset objects unloaded after import = 0

========================================================================
Received Import Request.
  Time since last request: 3.971166 seconds.
  path: Assets/_BasicFaceFilter/Animations/Cubes.anim
  artifactKey: Guid(81e2addbfb798e345a82b58543e4d15f) Importer(2089858483,b0f066a214c2f5e87bad3c948f4d605d)
Start importing Assets/_BasicFaceFilter/Animations/Cubes.anim using Guid(81e2addbfb798e345a82b58543e4d15f) Importer(2089858483,b0f066a214c2f5e87bad3c948f4d605d) (ScriptedImporter) -> (artifact id: '4c8aaee63ce53fe7028f3563b67ab231') in 0.119074 seconds
Number of updated asset objects reloaded before import = 0Number of asset objects unloaded after import = 1

========================================================================
Received Import Request.
  Time since last request: 0.000027 seconds.
  path: Assets/_BasicFaceFilter/Meshes/Props_CrazyEyes.fbx
  artifactKey: Guid(7744703bb45a05246a45764b36042c92) Importer(2089858483,b0f066a214c2f5e87bad3c948f4d605d)
Start importing Assets/_BasicFaceFilter/Meshes/Props_CrazyEyes.fbx using Guid(7744703bb45a05246a45764b36042c92) Importer(2089858483,b0f066a214c2f5e87bad3c948f4d605d) (ScriptedImporter) -> (artifact id: 'f634c21b70b28e0b2af899dce774bafb') in 0.0533983 seconds
Number of updated asset objects reloaded before import = 0Number of asset objects unloaded after import = 16

========================================================================
Received Import Request.
  Time since last request: 0.000035 seconds.
  path: Assets/_BasicFaceFilter/Animations/GrinningTeethAnimation.anim
  artifactKey: Guid(af21aa71c99f9694b8847e95b36798bf) Importer(2089858483,b0f066a214c2f5e87bad3c948f4d605d)
Start importing Assets/_BasicFaceFilter/Animations/GrinningTeethAnimation.anim using Guid(af21aa71c99f9694b8847e95b36798bf) Importer(2089858483,b0f066a214c2f5e87bad3c948f4d605d) (ScriptedImporter) -> (artifact id: 'a28b6b8df8b520485ca4e60f72fa08ba') in 0.0127691 seconds
Number of updated asset objects reloaded before import = 0Number of asset objects unloaded after import = 1

========================================================================
Received Import Request.
  Time since last request: 0.000016 seconds.
  path: Assets/_BasicFaceFilter/Materials/Face Debug MAT.mat
  artifactKey: Guid(d5b24823eb2bd0f4990a6c8dc134fa9f) Importer(2089858483,b0f066a214c2f5e87bad3c948f4d605d)
Start importing Assets/_BasicFaceFilter/Materials/Face Debug MAT.mat using Guid(d5b24823eb2bd0f4990a6c8dc134fa9f) Importer(2089858483,b0f066a214c2f5e87bad3c948f4d605d) (ScriptedImporter) -> (artifact id: 'd43da1189381bbbbefe5ba6c0265a25d') in 0.0141586 seconds
Number of updated asset objects reloaded before import = 0Number of asset objects unloaded after import = 1

========================================================================
Received Import Request.
  Time since last request: 0.000018 seconds.
  path: Assets/_BasicFaceFilter/Animations/Props_GoblinEars.controller
  artifactKey: Guid(4911c9cc34c05f7439522688884edc27) Importer(2089858483,b0f066a214c2f5e87bad3c948f4d605d)
Start importing Assets/_BasicFaceFilter/Animations/Props_GoblinEars.controller using Guid(4911c9cc34c05f7439522688884edc27) Importer(2089858483,b0f066a214c2f5e87bad3c948f4d605d) (ScriptedImporter) -> (artifact id: '8444eace95432272fc15032c1d925900') in 0.0143349 seconds
Number of updated asset objects reloaded before import = 0Number of asset objects unloaded after import = 4

========================================================================
Received Import Request.
  Time since last request: 0.000020 seconds.
  path: Assets/_BasicFaceFilter/Prefabs/Props_GoblinEars.prefab
  artifactKey: Guid(edc1d60fdecc9b24a86754ea5f76ec3f) Importer(2089858483,b0f066a214c2f5e87bad3c948f4d605d)
Start importing Assets/_BasicFaceFilter/Prefabs/Props_GoblinEars.prefab using Guid(edc1d60fdecc9b24a86754ea5f76ec3f) Importer(2089858483,b0f066a214c2f5e87bad3c948f4d605d) (ScriptedImporter) -> (artifact id: 'd2569e2624764afd4015cecd5da9a448') in 0.0200892 seconds
Number of updated asset objects reloaded before import = 0Number of asset objects unloaded after import = 15

========================================================================
Received Import Request.
  Time since last request: 0.000024 seconds.
  path: Assets/_BasicFaceFilter/Materials/PropsMaterial.mat
  artifactKey: Guid(233e05d0ec461054eb551774c6d782a3) Importer(2089858483,b0f066a214c2f5e87bad3c948f4d605d)
Start importing Assets/_BasicFaceFilter/Materials/PropsMaterial.mat using Guid(233e05d0ec461054eb551774c6d782a3) Importer(2089858483,b0f066a214c2f5e87bad3c948f4d605d) (ScriptedImporter) -> (artifact id: '42f653d281c05ff3bcfe6a0197c8540a') in 0.0269061 seconds
Number of updated asset objects reloaded before import = 0Number of asset objects unloaded after import = 5

========================================================================
Received Import Request.
  Time since last request: 0.000040 seconds.
  path: Assets/_BasicFaceFilter/Materials/Flame2_Particle.mat
  artifactKey: Guid(c4bfa10a32e160749933d1aa8ab0bf5a) Importer(2089858483,b0f066a214c2f5e87bad3c948f4d605d)
Start importing Assets/_BasicFaceFilter/Materials/Flame2_Particle.mat using Guid(c4bfa10a32e160749933d1aa8ab0bf5a) Importer(2089858483,b0f066a214c2f5e87bad3c948f4d605d) (ScriptedImporter) -> (artifact id: '070f105bedd8cb62d34598cbbbfe6c58') in 0.0181433 seconds
Number of updated asset objects reloaded before import = 0Number of asset objects unloaded after import = 2

========================================================================
Received Import Request.
  Time since last request: 0.000020 seconds.
  path: Assets/_BasicFaceFilter/Textures/raindrop_particle.png
  artifactKey: Guid(b9b8fb2bba7b6a04388b332760fed652) Importer(2089858483,b0f066a214c2f5e87bad3c948f4d605d)
Start importing Assets/_BasicFaceFilter/Textures/raindrop_particle.png using Guid(b9b8fb2bba7b6a04388b332760fed652) Importer(2089858483,b0f066a214c2f5e87bad3c948f4d605d) (ScriptedImporter) -> (artifact id: '520c9d05859e578a46bdaecf1563cf08') in 0.0363073 seconds
Number of updated asset objects reloaded before import = 0Number of asset objects unloaded after import = 1

========================================================================
Received Import Request.
  Time since last request: 0.000016 seconds.
  path: Assets/_BasicFaceFilter/Animations/Props_Cap.controller
  artifactKey: Guid(28b3210151b17dd489a003b1a6e0f64e) Importer(2089858483,b0f066a214c2f5e87bad3c948f4d605d)
Start importing Assets/_BasicFaceFilter/Animations/Props_Cap.controller using Guid(28b3210151b17dd489a003b1a6e0f64e) Importer(2089858483,b0f066a214c2f5e87bad3c948f4d605d) (ScriptedImporter) -> (artifact id: 'c4cc2e0d3243569d69836770e069104d') in 0.0128241 seconds
Number of updated asset objects reloaded before import = 0Number of asset objects unloaded after import = 4

========================================================================
Received Import Request.
  Time since last request: 0.000018 seconds.
  path: Assets/_BasicFaceFilter/Textures/star_particle.png
  artifactKey: Guid(8f637c0e1a0270447aa04746d128e04b) Importer(2089858483,b0f066a214c2f5e87bad3c948f4d605d)
Start importing Assets/_BasicFaceFilter/Textures/star_particle.png using Guid(8f637c0e1a0270447aa04746d128e04b) Importer(2089858483,b0f066a214c2f5e87bad3c948f4d605d) (ScriptedImporter) -> (artifact id: 'dfee00fa94990017eb81bec748c368f3') in 0.0196025 seconds
Number of updated asset objects reloaded before import = 0Number of asset objects unloaded after import = 1

========================================================================
Received Import Request.
  Time since last request: 0.000020 seconds.
  path: Assets/_BasicFaceFilter/Prefabs/Props_CrazyEyes.prefab
  artifactKey: Guid(e1ecc5d8ad4385a4688bbf80596ee6f4) Importer(2089858483,b0f066a214c2f5e87bad3c948f4d605d)
Start importing Assets/_BasicFaceFilter/Prefabs/Props_CrazyEyes.prefab using Guid(e1ecc5d8ad4385a4688bbf80596ee6f4) Importer(2089858483,b0f066a214c2f5e87bad3c948f4d605d) (ScriptedImporter) -> (artifact id: 'bff836e0830a78cacbf999f1a316762f') in 0.0146653 seconds
Number of updated asset objects reloaded before import = 0Number of asset objects unloaded after import = 15

========================================================================
Received Import Request.
  Time since last request: 0.000026 seconds.
  path: Assets/_BasicFaceFilter/Animations/CrazyEyesAnimation.anim
  artifactKey: Guid(c80e4beef04a93144b993bd735c65678) Importer(2089858483,b0f066a214c2f5e87bad3c948f4d605d)
Start importing Assets/_BasicFaceFilter/Animations/CrazyEyesAnimation.anim using Guid(c80e4beef04a93144b993bd735c65678) Importer(2089858483,b0f066a214c2f5e87bad3c948f4d605d) (ScriptedImporter) -> (artifact id: '3087b049235be6db9fc15312246922d0') in 0.0120535 seconds
Number of updated asset objects reloaded before import = 0Number of asset objects unloaded after import = 1

========================================================================
Received Import Request.
  Time since last request: 0.000017 seconds.
  path: Assets/_BasicFaceFilter/Animations/Props_CatNose.controller
  artifactKey: Guid(9908c269b959d214994d5316440d20ad) Importer(2089858483,b0f066a214c2f5e87bad3c948f4d605d)
Start importing Assets/_BasicFaceFilter/Animations/Props_CatNose.controller using Guid(9908c269b959d214994d5316440d20ad) Importer(2089858483,b0f066a214c2f5e87bad3c948f4d605d) (ScriptedImporter) -> (artifact id: 'fb2300fc79e061ae3b57a89383fa4792') in 0.0117293 seconds
Number of updated asset objects reloaded before import = 0Number of asset objects unloaded after import = 4

========================================================================
Received Import Request.
  Time since last request: 0.000017 seconds.
  path: Assets/_BasicFaceFilter/Prefabs/Props_CatEars.prefab
  artifactKey: Guid(dec9cb245c0fee64b89e7397e32a289e) Importer(2089858483,b0f066a214c2f5e87bad3c948f4d605d)
Start importing Assets/_BasicFaceFilter/Prefabs/Props_CatEars.prefab using Guid(dec9cb245c0fee64b89e7397e32a289e) Importer(2089858483,b0f066a214c2f5e87bad3c948f4d605d) (ScriptedImporter) -> (artifact id: 'ba4c9400b0ac3f808fed621c19d02d41') in 0.015498 seconds
Number of updated asset objects reloaded before import = 0Number of asset objects unloaded after import = 15

========================================================================
Received Import Request.
  Time since last request: 0.000021 seconds.
  path: Assets/_BasicFaceFilter/Particle Effects/MagicEyes_VFX.prefab
  artifactKey: Guid(3147d486fbcd2a241a70d02eb467ee49) Importer(2089858483,b0f066a214c2f5e87bad3c948f4d605d)
Start importing Assets/_BasicFaceFilter/Particle Effects/MagicEyes_VFX.prefab using Guid(3147d486fbcd2a241a70d02eb467ee49) Importer(2089858483,b0f066a214c2f5e87bad3c948f4d605d) (ScriptedImporter) -> (artifact id: '76445783de49e17121dd5c80571018a5') in 0.0224766 seconds
Number of updated asset objects reloaded before import = 0Number of asset objects unloaded after import = 20

========================================================================
Received Import Request.
  Time since last request: 0.000020 seconds.
  path: Assets/_BasicFaceFilter/Textures/PropsMaterial_Height.png
  artifactKey: Guid(e9e52fac935a7dc48a27ab6484843012) Importer(2089858483,b0f066a214c2f5e87bad3c948f4d605d)
Start importing Assets/_BasicFaceFilter/Textures/PropsMaterial_Height.png using Guid(e9e52fac935a7dc48a27ab6484843012) Importer(2089858483,b0f066a214c2f5e87bad3c948f4d605d) (ScriptedImporter) -> (artifact id: 'e52504b3831d91f933dbac7326bcb6d1') in 0.0149061 seconds
Number of updated asset objects reloaded before import = 0Number of asset objects unloaded after import = 1

========================================================================
Received Import Request.
  Time since last request: 0.000034 seconds.
  path: Assets/_BasicFaceFilter/Meshes/Props_Cap.fbx
  artifactKey: Guid(813a3f2165172b34ab909405d61a8232) Importer(2089858483,b0f066a214c2f5e87bad3c948f4d605d)
Start importing Assets/_BasicFaceFilter/Meshes/Props_Cap.fbx using Guid(813a3f2165172b34ab909405d61a8232) Importer(2089858483,b0f066a214c2f5e87bad3c948f4d605d) (ScriptedImporter) -> (artifact id: '5deede02d7d468d3d30ef478d64c8feb') in 0.0328564 seconds
Number of updated asset objects reloaded before import = 0Number of asset objects unloaded after import = 9

========================================================================
Received Import Request.
  Time since last request: 0.000021 seconds.
  path: Assets/_BasicFaceFilter/Animations/minute.anim
  artifactKey: Guid(72081473e43028b4eb5f5a5e377e26a2) Importer(2089858483,b0f066a214c2f5e87bad3c948f4d605d)
Start importing Assets/_BasicFaceFilter/Animations/minute.anim using Guid(72081473e43028b4eb5f5a5e377e26a2) Importer(2089858483,b0f066a214c2f5e87bad3c948f4d605d) (ScriptedImporter) -> (artifact id: 'c1b9e91cce4f1845793827f61469f1ee') in 0.0137366 seconds
Number of updated asset objects reloaded before import = 0Number of asset objects unloaded after import = 1

========================================================================
Received Import Request.
  Time since last request: 0.000016 seconds.
  path: Assets/_BasicFaceFilter/Meshes/Props_HiHat.fbx
  artifactKey: Guid(b5541a6ad37796b4e94dfabfe67ba396) Importer(2089858483,b0f066a214c2f5e87bad3c948f4d605d)
Start importing Assets/_BasicFaceFilter/Meshes/Props_HiHat.fbx using Guid(b5541a6ad37796b4e94dfabfe67ba396) Importer(2089858483,b0f066a214c2f5e87bad3c948f4d605d) (ScriptedImporter) -> (artifact id: '451976723e0b986af5c0e318fa42a558') in 0.0198277 seconds
Number of updated asset objects reloaded before import = 0Number of asset objects unloaded after import = 9

========================================================================
Received Import Request.
  Time since last request: 0.000025 seconds.
  path: Assets/_BasicFaceFilter/Textures/canonical_face_texture.png
  artifactKey: Guid(4dd1f97dbb23dfc488dc77a09c7e4803) Importer(2089858483,b0f066a214c2f5e87bad3c948f4d605d)
Start importing Assets/_BasicFaceFilter/Textures/canonical_face_texture.png using Guid(4dd1f97dbb23dfc488dc77a09c7e4803) Importer(2089858483,b0f066a214c2f5e87bad3c948f4d605d) (ScriptedImporter) -> (artifact id: '56d56da94fde820eafd15f1a6ae084ef') in 0.0188713 seconds
Number of updated asset objects reloaded before import = 0Number of asset objects unloaded after import = 1

========================================================================
Received Import Request.
  Time since last request: 0.000020 seconds.
  path: Assets/_BasicFaceFilter/Meshes/Props_GoblinEars.fbx
  artifactKey: Guid(4e9db42a6a996204ab995a95d4b6e807) Importer(2089858483,b0f066a214c2f5e87bad3c948f4d605d)
Start importing Assets/_BasicFaceFilter/Meshes/Props_GoblinEars.fbx using Guid(4e9db42a6a996204ab995a95d4b6e807) Importer(2089858483,b0f066a214c2f5e87bad3c948f4d605d) (ScriptedImporter) -> (artifact id: 'f80bf42d3731cc6bfe3eed9d320fc6b0') in 0.0184643 seconds
Number of updated asset objects reloaded before import = 0Number of asset objects unloaded after import = 16

========================================================================
Received Import Request.
  Time since last request: 0.000036 seconds.
  path: Assets/_BasicFaceFilter/Materials/WispySmoke_Particle.mat
  artifactKey: Guid(686180aab404feb46b7ff6943ca78fcf) Importer(2089858483,b0f066a214c2f5e87bad3c948f4d605d)
Start importing Assets/_BasicFaceFilter/Materials/WispySmoke_Particle.mat using Guid(686180aab404feb46b7ff6943ca78fcf) Importer(2089858483,b0f066a214c2f5e87bad3c948f4d605d) (ScriptedImporter) -> (artifact id: 'f86f530b0cc10020cebf3aea60b56f3c') in 0.0158188 seconds
Number of updated asset objects reloaded before import = 0Number of asset objects unloaded after import = 2

========================================================================
Received Import Request.
  Time since last request: 0.000021 seconds.
  path: Assets/_BasicFaceFilter/Textures/CloudFlipbook_8x8.tga
  artifactKey: Guid(7b10a194b83e7904aba6c56e50e09949) Importer(2089858483,b0f066a214c2f5e87bad3c948f4d605d)
Start importing Assets/_BasicFaceFilter/Textures/CloudFlipbook_8x8.tga using Guid(7b10a194b83e7904aba6c56e50e09949) Importer(2089858483,b0f066a214c2f5e87bad3c948f4d605d) (ScriptedImporter) -> (artifact id: 'b8e484c2ee198fb0acc6f7da3506ba13') in 0.0178667 seconds
Number of updated asset objects reloaded before import = 0Number of asset objects unloaded after import = 1

========================================================================
Received Import Request.
  Time since last request: 0.000020 seconds.
  path: Assets/_BasicFaceFilter/Textures/FaceTexture_MakeUpWings.png
  artifactKey: Guid(6de0d6871d96b41489c0b8c2b00dfc27) Importer(2089858483,b0f066a214c2f5e87bad3c948f4d605d)
Start importing Assets/_BasicFaceFilter/Textures/FaceTexture_MakeUpWings.png using Guid(6de0d6871d96b41489c0b8c2b00dfc27) Importer(2089858483,b0f066a214c2f5e87bad3c948f4d605d) (ScriptedImporter) -> (artifact id: '48801d8908fa7769e418fe6676cd7cac') in 0.026793 seconds
Number of updated asset objects reloaded before import = 0Number of asset objects unloaded after import = 3

========================================================================
Received Import Request.
  Time since last request: 0.000029 seconds.
  path: Assets/_BasicFaceFilter/Materials/Cloud_Particle.mat
  artifactKey: Guid(55852932b97324f479e960c23d816495) Importer(2089858483,b0f066a214c2f5e87bad3c948f4d605d)
Start importing Assets/_BasicFaceFilter/Materials/Cloud_Particle.mat using Guid(55852932b97324f479e960c23d816495) Importer(2089858483,b0f066a214c2f5e87bad3c948f4d605d) (ScriptedImporter) -> (artifact id: '839f68bee99bd7e21905155ce9374fa8') in 0.0183672 seconds
Number of updated asset objects reloaded before import = 0Number of asset objects unloaded after import = 2

========================================================================
Received Import Request.
  Time since last request: 0.000037 seconds.
  path: Assets/_BasicFaceFilter/Animations
  artifactKey: Guid(1af0b9744093e0943a254f0313cc521d) Importer(2089858483,b0f066a214c2f5e87bad3c948f4d605d)
Start importing Assets/_BasicFaceFilter/Animations using Guid(1af0b9744093e0943a254f0313cc521d) Importer(2089858483,b0f066a214c2f5e87bad3c948f4d605d) (ScriptedImporter) -> (artifact id: '2355c9dc554b7f5006b9dda8d6d53cbd') in 0.0135738 seconds
Number of updated asset objects reloaded before import = 0Number of asset objects unloaded after import = 1

========================================================================
Received Import Request.
  Time since last request: 0.000024 seconds.
  path: Assets/_BasicFaceFilter/Textures/FaceTexture_Leaves.png
  artifactKey: Guid(4630bb32499feea4cac9c36db31f8780) Importer(2089858483,b0f066a214c2f5e87bad3c948f4d605d)
Start importing Assets/_BasicFaceFilter/Textures/FaceTexture_Leaves.png using Guid(4630bb32499feea4cac9c36db31f8780) Importer(2089858483,b0f066a214c2f5e87bad3c948f4d605d) (ScriptedImporter) -> (artifact id: 'ac0161ea9dafd8127420fbb3d0f1b8f9') in 0.0257391 seconds
Number of updated asset objects reloaded before import = 0Number of asset objects unloaded after import = 3

========================================================================
Received Import Request.
  Time since last request: 0.000026 seconds.
  path: Assets/_BasicFaceFilter/Particle Effects/Rain_VFX.prefab
  artifactKey: Guid(9270ac02681064c4ebd9dfd488853e98) Importer(2089858483,b0f066a214c2f5e87bad3c948f4d605d)
Start importing Assets/_BasicFaceFilter/Particle Effects/Rain_VFX.prefab using Guid(9270ac02681064c4ebd9dfd488853e98) Importer(2089858483,b0f066a214c2f5e87bad3c948f4d605d) (ScriptedImporter) -> (artifact id: '82c2fb26409413142a1f335b4d6222dd') in 0.0168225 seconds
Number of updated asset objects reloaded before import = 0Number of asset objects unloaded after import = 12

========================================================================
Received Import Request.
  Time since last request: 0.000039 seconds.
  path: Assets/_BasicFaceFilter/Textures/FaceTexture_MakeUpGoldDecoration.png
  artifactKey: Guid(2c3fae8a1e2b0f349a1335713f2c9838) Importer(2089858483,b0f066a214c2f5e87bad3c948f4d605d)
Start importing Assets/_BasicFaceFilter/Textures/FaceTexture_MakeUpGoldDecoration.png using Guid(2c3fae8a1e2b0f349a1335713f2c9838) Importer(2089858483,b0f066a214c2f5e87bad3c948f4d605d) (ScriptedImporter) -> (artifact id: '94bc714fa3f6b038d85e29db155e4cb4') in 0.0264172 seconds
Number of updated asset objects reloaded before import = 0Number of asset objects unloaded after import = 3

========================================================================
Received Import Request.
  Time since last request: 0.000022 seconds.
  path: Assets/_BasicFaceFilter/Meshes
  artifactKey: Guid(86c2f9660247d0545bbf027f82673a01) Importer(2089858483,b0f066a214c2f5e87bad3c948f4d605d)
Start importing Assets/_BasicFaceFilter/Meshes using Guid(86c2f9660247d0545bbf027f82673a01) Importer(2089858483,b0f066a214c2f5e87bad3c948f4d605d) (ScriptedImporter) -> (artifact id: '93bff3cc2cb29492a97697252a9af91c') in 0.0140007 seconds
Number of updated asset objects reloaded before import = 0Number of asset objects unloaded after import = 1

========================================================================
Received Import Request.
  Time since last request: 0.000024 seconds.
  path: Assets/_BasicFaceFilter/Materials/Particles.mat
  artifactKey: Guid(cdab51151839a8e4ea0a259c284f81fb) Importer(2089858483,b0f066a214c2f5e87bad3c948f4d605d)
Start importing Assets/_BasicFaceFilter/Materials/Particles.mat using Guid(cdab51151839a8e4ea0a259c284f81fb) Importer(2089858483,b0f066a214c2f5e87bad3c948f4d605d) (ScriptedImporter) -> (artifact id: '5be20ea2bf65301a7b9d5ce343fb0728') in 0.0174941 seconds
Number of updated asset objects reloaded before import = 0Number of asset objects unloaded after import = 1

========================================================================
Received Import Request.
  Time since last request: 0.000050 seconds.
  path: Assets/_BasicFaceFilter/Prefabs/Face_Reference_Mesh.prefab
  artifactKey: Guid(bc8e54b1d62bd2f499826cdfa9d5d708) Importer(2089858483,b0f066a214c2f5e87bad3c948f4d605d)
Start importing Assets/_BasicFaceFilter/Prefabs/Face_Reference_Mesh.prefab using Guid(bc8e54b1d62bd2f499826cdfa9d5d708) Importer(2089858483,b0f066a214c2f5e87bad3c948f4d605d) (ScriptedImporter) -> (artifact id: '3db9284ddedca925247182dedd857c40') in 0.0157102 seconds
Number of updated asset objects reloaded before import = 0Number of asset objects unloaded after import = 16

========================================================================
Received Import Request.
  Time since last request: 0.000021 seconds.
  path: Assets/_BasicFaceFilter/Animations/CatEarLeft.controller
  artifactKey: Guid(799d2dc51cb50ae419b043a45fe9d947) Importer(2089858483,b0f066a214c2f5e87bad3c948f4d605d)
Start importing Assets/_BasicFaceFilter/Animations/CatEarLeft.controller using Guid(799d2dc51cb50ae419b043a45fe9d947) Importer(2089858483,b0f066a214c2f5e87bad3c948f4d605d) (ScriptedImporter) -> (artifact id: 'c300802df4f348ea077a6623eaf41b80') in 0.0171126 seconds
Number of updated asset objects reloaded before import = 0Number of asset objects unloaded after import = 2

========================================================================
Received Import Request.
  Time since last request: 0.000023 seconds.
  path: Assets/_BasicFaceFilter/Animations/MoustacheAnimation.anim
  artifactKey: Guid(507c70f84291bfb4c883ad7ad4ac6334) Importer(2089858483,b0f066a214c2f5e87bad3c948f4d605d)
Start importing Assets/_BasicFaceFilter/Animations/MoustacheAnimation.anim using Guid(507c70f84291bfb4c883ad7ad4ac6334) Importer(2089858483,b0f066a214c2f5e87bad3c948f4d605d) (ScriptedImporter) -> (artifact id: '9ea33bcc27aee3ac06db583969aa0c66') in 0.0160205 seconds
Number of updated asset objects reloaded before import = 0Number of asset objects unloaded after import = 1

========================================================================
Received Import Request.
  Time since last request: 0.000034 seconds.
  path: Assets/_BasicFaceFilter/Textures/PropsMaterial_Metallic.png
  artifactKey: Guid(86c9b1ce0ba5ef34cb7155ae617a0726) Importer(2089858483,b0f066a214c2f5e87bad3c948f4d605d)
Start importing Assets/_BasicFaceFilter/Textures/PropsMaterial_Metallic.png using Guid(86c9b1ce0ba5ef34cb7155ae617a0726) Importer(2089858483,b0f066a214c2f5e87bad3c948f4d605d) (ScriptedImporter) -> (artifact id: '57d627c2d91f2e20de8fbcaf8806b090') in 0.0232735 seconds
Number of updated asset objects reloaded before import = 0Number of asset objects unloaded after import = 1

========================================================================
Received Import Request.
  Time since last request: 0.000020 seconds.
  path: Assets/_BasicFaceFilter/Particle Effects/Fire_VFX.prefab
  artifactKey: Guid(b5c43875392269c49beedc9cb1cfc14d) Importer(2089858483,b0f066a214c2f5e87bad3c948f4d605d)
Start importing Assets/_BasicFaceFilter/Particle Effects/Fire_VFX.prefab using Guid(b5c43875392269c49beedc9cb1cfc14d) Importer(2089858483,b0f066a214c2f5e87bad3c948f4d605d) (ScriptedImporter) -> (artifact id: 'b8d0aa4b5bd5dd2397de8a90de7b2368') in 0.0189154 seconds
Number of updated asset objects reloaded before import = 0Number of asset objects unloaded after import = 16

========================================================================
Received Import Request.
  Time since last request: 0.000020 seconds.
  path: Assets/_BasicFaceFilter/Materials/Star_Particle 1.mat
  artifactKey: Guid(2126b0bd689d7744eac3c0d940dc96f1) Importer(2089858483,b0f066a214c2f5e87bad3c948f4d605d)
Start importing Assets/_BasicFaceFilter/Materials/Star_Particle 1.mat using Guid(2126b0bd689d7744eac3c0d940dc96f1) Importer(2089858483,b0f066a214c2f5e87bad3c948f4d605d) (ScriptedImporter) -> (artifact id: 'e6384c4aaf1417d68f87f561e0f6c98d') in 0.0193151 seconds
Number of updated asset objects reloaded before import = 0Number of asset objects unloaded after import = 1

========================================================================
Received Import Request.
  Time since last request: 0.000028 seconds.
  path: Assets/_BasicFaceFilter/Textures
  artifactKey: Guid(971a8fcb1183fe440b15ae19dbab1a3a) Importer(2089858483,b0f066a214c2f5e87bad3c948f4d605d)
Start importing Assets/_BasicFaceFilter/Textures using Guid(971a8fcb1183fe440b15ae19dbab1a3a) Importer(2089858483,b0f066a214c2f5e87bad3c948f4d605d) (ScriptedImporter) -> (artifact id: '40ebb2494283dac769c16f07dc3537d6') in 0.0129553 seconds
Number of updated asset objects reloaded before import = 0Number of asset objects unloaded after import = 1

========================================================================
Received Import Request.
  Time since last request: 0.000041 seconds.
  path: Assets/_BasicFaceFilter/Animations/CatNoseAnimation.anim
  artifactKey: Guid(3eaadd92878769040a18c1f8e29e4c62) Importer(2089858483,b0f066a214c2f5e87bad3c948f4d605d)
Start importing Assets/_BasicFaceFilter/Animations/CatNoseAnimation.anim using Guid(3eaadd92878769040a18c1f8e29e4c62) Importer(2089858483,b0f066a214c2f5e87bad3c948f4d605d) (ScriptedImporter) -> (artifact id: '49e88e074ef778de884c6dedddaf3e55') in 0.0212782 seconds
Number of updated asset objects reloaded before import = 0Number of asset objects unloaded after import = 1

========================================================================
Received Import Request.
  Time since last request: 0.000026 seconds.
  path: Assets/_BasicFaceFilter/Particle Effects
  artifactKey: Guid(d24dd4c37f3f561428a091e17f0fd831) Importer(2089858483,b0f066a214c2f5e87bad3c948f4d605d)
Start importing Assets/_BasicFaceFilter/Particle Effects using Guid(d24dd4c37f3f561428a091e17f0fd831) Importer(2089858483,b0f066a214c2f5e87bad3c948f4d605d) (ScriptedImporter) -> (artifact id: '27c4aae1ba19e977a1b9d8a866405c4d') in 0.0136472 seconds
Number of updated asset objects reloaded before import = 0Number of asset objects unloaded after import = 1

========================================================================
Received Import Request.
  Time since last request: 0.000028 seconds.
  path: Assets/_BasicFaceFilter/Materials/Star_Particle.mat
  artifactKey: Guid(a115bbd745b7bca4c84cbce25ee53f79) Importer(2089858483,b0f066a214c2f5e87bad3c948f4d605d)
Start importing Assets/_BasicFaceFilter/Materials/Star_Particle.mat using Guid(a115bbd745b7bca4c84cbce25ee53f79) Importer(2089858483,b0f066a214c2f5e87bad3c948f4d605d) (ScriptedImporter) -> (artifact id: 'ee5e20e4d167c3749d39bcb1e5bdcf7a') in 0.023953 seconds
Number of updated asset objects reloaded before import = 0Number of asset objects unloaded after import = 2

========================================================================
Received Import Request.
  Time since last request: 0.000040 seconds.
  path: Assets/_BasicFaceFilter/Animations/HiHatAnimation.anim
  artifactKey: Guid(72b0acf7190be5647afca81648a265d0) Importer(2089858483,b0f066a214c2f5e87bad3c948f4d605d)
Start importing Assets/_BasicFaceFilter/Animations/HiHatAnimation.anim using Guid(72b0acf7190be5647afca81648a265d0) Importer(2089858483,b0f066a214c2f5e87bad3c948f4d605d) (ScriptedImporter) -> (artifact id: 'd1018e02a455732d23cbeab1a6a43a71') in 0.0188148 seconds
Number of updated asset objects reloaded before import = 0Number of asset objects unloaded after import = 1

========================================================================
Received Import Request.
  Time since last request: 70.376414 seconds.
  path: Assets/_BasicFaceFilter/Particle Effects
  artifactKey: Guid(d24dd4c37f3f561428a091e17f0fd831) Importer(815301076,1909f56bfc062723c751e8b465ee728b)
Start importing Assets/_BasicFaceFilter/Particle Effects using Guid(d24dd4c37f3f561428a091e17f0fd831) Importer(815301076,1909f56bfc062723c751e8b465ee728b) (PreviewImporter) -> (artifact id: '95b11e251e5902f8445bd093c18edc9d') in 0.0011606 seconds
Number of updated asset objects reloaded before import = 0Number of asset objects unloaded after import = 0

========================================================================
Received Import Request.
  Time since last request: 0.692036 seconds.
  path: Assets/_BasicFaceFilter/Prefabs
  artifactKey: Guid(b71f42f3b9553b9408fd649ecc0e7dc1) Importer(815301076,1909f56bfc062723c751e8b465ee728b)
Start importing Assets/_BasicFaceFilter/Prefabs using Guid(b71f42f3b9553b9408fd649ecc0e7dc1) Importer(815301076,1909f56bfc062723c751e8b465ee728b) (PreviewImporter) -> (artifact id: '958feee83889272313fcb3108dc793fd') in 0.0010111 seconds
Number of updated asset objects reloaded before import = 0Number of asset objects unloaded after import = 0

========================================================================
Received Import Request.
  Time since last request: 222.692008 seconds.
  path: Assets/_BasicFaceFilter/Prefabs/Face_Reference_Mesh.prefab
  artifactKey: Guid(bc8e54b1d62bd2f499826cdfa9d5d708) Importer(815301076,1909f56bfc062723c751e8b465ee728b)
Start importing Assets/_BasicFaceFilter/Prefabs/Face_Reference_Mesh.prefab using Guid(bc8e54b1d62bd2f499826cdfa9d5d708) Importer(815301076,1909f56bfc062723c751e8b465ee728b) (PreviewImporter) -> (artifact id: '84a37a3bcdcc8f947f24353ee8bf5217') in 0.7909402 seconds
Number of updated asset objects reloaded before import = 0Number of asset objects unloaded after import = 17

========================================================================
Received Import Request.
  Time since last request: 20.376728 seconds.
  path: Assets/_BasicFaceFilter/Materials
  artifactKey: Guid(240aa1ba7d5f0a84980bf9e66734a457) Importer(815301076,1909f56bfc062723c751e8b465ee728b)
Start importing Assets/_BasicFaceFilter/Materials using Guid(240aa1ba7d5f0a84980bf9e66734a457) Importer(815301076,1909f56bfc062723c751e8b465ee728b) (PreviewImporter) -> (artifact id: 'ada5b477765d496242c718111fede848') in 0.0007529 seconds
Number of updated asset objects reloaded before import = 0Number of asset objects unloaded after import = 0

========================================================================
Received Import Request.
  Time since last request: 4.739371 seconds.
  path: Assets/_BasicFaceFilter/Materials/New Material.mat
  artifactKey: Guid(e37147d1fed312f479ff48137c8bfe91) Importer(2089858483,b0f066a214c2f5e87bad3c948f4d605d)
Start importing Assets/_BasicFaceFilter/Materials/New Material.mat using Guid(e37147d1fed312f479ff48137c8bfe91) Importer(2089858483,b0f066a214c2f5e87bad3c948f4d605d) (ScriptedImporter) -> (artifact id: '6da1663c07ffda7fe2c826e72e03008b') in 0.0150527 seconds
Number of updated asset objects reloaded before import = 0Number of asset objects unloaded after import = 1

========================================================================
Received Import Request.
  Time since last request: 17.626693 seconds.
  path: Assets/_BasicFaceFilter/Materials/FaceTexture.mat
  artifactKey: Guid(888d4b6d2ec0fbc4089249d454665a8c) Importer(2089858483,b0f066a214c2f5e87bad3c948f4d605d)
Start importing Assets/_BasicFaceFilter/Materials/FaceTexture.mat using Guid(888d4b6d2ec0fbc4089249d454665a8c) Importer(2089858483,b0f066a214c2f5e87bad3c948f4d605d) (ScriptedImporter) -> (artifact id: '180c105fcf2061a0cff8794b2d0e4e93') in 0.0150166 seconds
Number of updated asset objects reloaded before import = 0Number of asset objects unloaded after import = 1

========================================================================
Received Import Request.
  Time since last request: 22.905190 seconds.
  path: Assets/MobileARTemplateAssets/UI/Sprites/ActivationButtonOpaque.png
  artifactKey: Guid(d4af31c9cd405426488b1eaf34c38a9e) Importer(815301076,1909f56bfc062723c751e8b465ee728b)
Start importing Assets/MobileARTemplateAssets/UI/Sprites/ActivationButtonOpaque.png using Guid(d4af31c9cd405426488b1eaf34c38a9e) Importer(815301076,1909f56bfc062723c751e8b465ee728b) (PreviewImporter)Requested RenderTexture with sRGB format. sRGB formats are not supported in gamma mode, fallback to a UNorm format. Use a UNorm format instead of sRGB to silence this warning.
UnityEngine.Debug:ExtractStackTraceNoAlloc (byte*,int,string)
UnityEngine.StackTraceUtility:ExtractStackTrace ()
UnityEngine.Graphics:Blit2 (UnityEngine.Texture,UnityEngine.RenderTexture)
UnityEngine.Graphics:Blit (UnityEngine.Texture,UnityEngine.RenderTexture)
UnityEditor.TextureInspector:RenderStaticPreview (string,UnityEngine.Object[],int,int)
UnityEditor.AssetPreviewUpdater:CreatePreview (UnityEngine.Object,UnityEngine.Object[],string,int,int)
UnityEditor.AssetPreviewUpdater:CreatePreviewForAsset (UnityEngine.Object,UnityEngine.Object[],string)

[C:\build\output\unity\unity\Runtime\Graphics\RenderTexture.cpp line 950]

 -> (artifact id: '82c937cf73782cbc91da8bbda7027362') in 0.0414573 seconds
Number of updated asset objects reloaded before import = 0Number of asset objects unloaded after import = 3

========================================================================
Received Import Request.
  Time since last request: 0.000038 seconds.
  path: Assets/Samples/XR Interaction Toolkit/3.3.0/AR Starter Assets/ARDemoSceneAssets/Sprites/Button - Rounded Radius - 4px.png
  artifactKey: Guid(df3b17ab68da00343a77bebb0c295407) Importer(815301076,1909f56bfc062723c751e8b465ee728b)
Start importing Assets/Samples/XR Interaction Toolkit/3.3.0/AR Starter Assets/ARDemoSceneAssets/Sprites/Button - Rounded Radius - 4px.png using Guid(df3b17ab68da00343a77bebb0c295407) Importer(815301076,1909f56bfc062723c751e8b465ee728b) (PreviewImporter) -> (artifact id: '533c1be6bcdb8c107e33c52409db4c25') in 0.017393 seconds
Number of updated asset objects reloaded before import = 0Number of asset objects unloaded after import = 3

========================================================================
Received Import Request.
  Time since last request: 0.000049 seconds.
  path: Assets/Samples/XR Interaction Toolkit/3.3.0/AR Starter Assets/ARDemoSceneAssets/Sprites/Button - Rounded Square BG.png
  artifactKey: Guid(46da8634de2114354be217373280f00a) Importer(815301076,1909f56bfc062723c751e8b465ee728b)
Start importing Assets/Samples/XR Interaction Toolkit/3.3.0/AR Starter Assets/ARDemoSceneAssets/Sprites/Button - Rounded Square BG.png using Guid(46da8634de2114354be217373280f00a) Importer(815301076,1909f56bfc062723c751e8b465ee728b) (PreviewImporter) -> (artifact id: 'c9d85bdba935e8cf762ac49f880caa0e') in 0.0186375 seconds
Number of updated asset objects reloaded before import = 0Number of asset objects unloaded after import = 3

========================================================================
Received Import Request.
  Time since last request: 0.000032 seconds.
  path: Assets/Samples/XR Interaction Toolkit/3.3.0/Starter Assets/DemoSceneAssets/Sprites/Asset.png
  artifactKey: Guid(17d565bb4a7744b41b7e4dc7e3a09e35) Importer(815301076,1909f56bfc062723c751e8b465ee728b)
Start importing Assets/Samples/XR Interaction Toolkit/3.3.0/Starter Assets/DemoSceneAssets/Sprites/Asset.png using Guid(17d565bb4a7744b41b7e4dc7e3a09e35) Importer(815301076,1909f56bfc062723c751e8b465ee728b) (PreviewImporter) -> (artifact id: '5d6cadf364e4a50d6838b84232f58eca') in 0.0177209 seconds
Number of updated asset objects reloaded before import = 0Number of asset objects unloaded after import = 3

========================================================================
Received Import Request.
  Time since last request: 2.257213 seconds.
  path: Assets/_BasicFaceFilter/Textures/canonical_face_texture.png
  artifactKey: Guid(4dd1f97dbb23dfc488dc77a09c7e4803) Importer(815301076,1909f56bfc062723c751e8b465ee728b)
Start importing Assets/_BasicFaceFilter/Textures/canonical_face_texture.png using Guid(4dd1f97dbb23dfc488dc77a09c7e4803) Importer(815301076,1909f56bfc062723c751e8b465ee728b) (PreviewImporter) -> (artifact id: 'd16d7d73c966ef7e2db4501880246195') in 0.0187026 seconds
Number of updated asset objects reloaded before import = 0Number of asset objects unloaded after import = 2

========================================================================
Received Import Request.
  Time since last request: 0.000028 seconds.
  path: Assets/_BasicFaceFilter/Textures/FaceTexture_MakeUpWings.png
  artifactKey: Guid(6de0d6871d96b41489c0b8c2b00dfc27) Importer(815301076,1909f56bfc062723c751e8b465ee728b)
Start importing Assets/_BasicFaceFilter/Textures/FaceTexture_MakeUpWings.png using Guid(6de0d6871d96b41489c0b8c2b00dfc27) Importer(815301076,1909f56bfc062723c751e8b465ee728b) (PreviewImporter) -> (artifact id: 'b4786d8df107e3ec08e408d9fde1f565') in 0.0186811 seconds
Number of updated asset objects reloaded before import = 0Number of asset objects unloaded after import = 3

========================================================================
Received Import Request.
  Time since last request: 0.000042 seconds.
  path: Assets/_BasicFaceFilter/Textures/FaceTexture_MakeUp.png
  artifactKey: Guid(2e750d0bcb9cb264985b4c6a71406867) Importer(815301076,1909f56bfc062723c751e8b465ee728b)
Start importing Assets/_BasicFaceFilter/Textures/FaceTexture_MakeUp.png using Guid(2e750d0bcb9cb264985b4c6a71406867) Importer(815301076,1909f56bfc062723c751e8b465ee728b) (PreviewImporter) -> (artifact id: '448bec808bd0b74fde39b9d68a108846') in 0.0177527 seconds
Number of updated asset objects reloaded before import = 0Number of asset objects unloaded after import = 3

========================================================================
Received Import Request.
  Time since last request: 0.000026 seconds.
  path: Assets/_BasicFaceFilter/Textures/FaceTexture_Waves.png
  artifactKey: Guid(8b395049554bd4f4eb8c2d7b33e77f88) Importer(815301076,1909f56bfc062723c751e8b465ee728b)
Start importing Assets/_BasicFaceFilter/Textures/FaceTexture_Waves.png using Guid(8b395049554bd4f4eb8c2d7b33e77f88) Importer(815301076,1909f56bfc062723c751e8b465ee728b) (PreviewImporter) -> (artifact id: '933f9e20eb3a45b6028b5af6f65f115b') in 0.0178558 seconds
Number of updated asset objects reloaded before import = 0Number of asset objects unloaded after import = 3

========================================================================
Received Import Request.
  Time since last request: 135.633755 seconds.
  path: Assets/_BasicFaceFilter/Materials/FaceTexture.mat
  artifactKey: Guid(888d4b6d2ec0fbc4089249d454665a8c) Importer(2089858483,b0f066a214c2f5e87bad3c948f4d605d)
Start importing Assets/_BasicFaceFilter/Materials/FaceTexture.mat using Guid(888d4b6d2ec0fbc4089249d454665a8c) Importer(2089858483,b0f066a214c2f5e87bad3c948f4d605d) (ScriptedImporter) -> (artifact id: 'ca1b2876566a575541bbc87691ea1ce8') in 0.015933 seconds
Number of updated asset objects reloaded before import = 0Number of asset objects unloaded after import = 2

========================================================================
Received Import Request.
  Time since last request: 1051.532260 seconds.
  path: Assets/Scenes/AR Template Scene.unity
  artifactKey: Guid(55be3adf7817e2940a20b3b29b6a8f3d) Importer(2089858483,b0f066a214c2f5e87bad3c948f4d605d)
Start importing Assets/Scenes/AR Template Scene.unity using Guid(55be3adf7817e2940a20b3b29b6a8f3d) Importer(2089858483,b0f066a214c2f5e87bad3c948f4d605d) (ScriptedImporter) -> (artifact id: '07f05a9e94878abee8b8421c18a57d58') in 0.0149369 seconds
Number of updated asset objects reloaded before import = 0Number of asset objects unloaded after import = 1

========================================================================
Received Import Request.
  Time since last request: 75.552734 seconds.
  path: Assets/InteractiveFilter/InteractiveFilter.unity
  artifactKey: Guid(b6d7a639584f18048acff6ce74b32b13) Importer(2089858483,b0f066a214c2f5e87bad3c948f4d605d)
Start importing Assets/InteractiveFilter/InteractiveFilter.unity using Guid(b6d7a639584f18048acff6ce74b32b13) Importer(2089858483,b0f066a214c2f5e87bad3c948f4d605d) (ScriptedImporter) -> (artifact id: 'bee2e736c62d480b86adf4201b180d44') in 0.0110545 seconds
Number of updated asset objects reloaded before import = 0Number of asset objects unloaded after import = 1

========================================================================
Received Import Request.
  Time since last request: 0.000036 seconds.
  path: Assets/InteractiveFilter/InteractiveFilter/Screen Space Ray Interactor.prefab
  artifactKey: Guid(6d9b6002df220d0418663311343272fa) Importer(2089858483,b0f066a214c2f5e87bad3c948f4d605d)
Start importing Assets/InteractiveFilter/InteractiveFilter/Screen Space Ray Interactor.prefab using Guid(6d9b6002df220d0418663311343272fa) Importer(2089858483,b0f066a214c2f5e87bad3c948f4d605d) (ScriptedImporter) -> (artifact id: '934a70c029dd8dc4333ff85a01076c60') in 0.2146059 seconds
Number of updated asset objects reloaded before import = 0Number of asset objects unloaded after import = 27

========================================================================
Received Import Request.
  Time since last request: 146.157532 seconds.
  path: Assets/_InteractiveFaceFilter/Sprites/UI_Icon_Arrow.png
  artifactKey: Guid(bd3ebd29ef46afd46aca1a79e5347a98) Importer(2089858483,b0f066a214c2f5e87bad3c948f4d605d)
Start importing Assets/_InteractiveFaceFilter/Sprites/UI_Icon_Arrow.png using Guid(bd3ebd29ef46afd46aca1a79e5347a98) Importer(2089858483,b0f066a214c2f5e87bad3c948f4d605d) (ScriptedImporter) -> (artifact id: '850146d13b378d0a3767aeee06597278') in 0.0251262 seconds
Number of updated asset objects reloaded before import = 0Number of asset objects unloaded after import = 3

========================================================================
Received Import Request.
  Time since last request: 0.000039 seconds.
  path: Assets/_InteractiveFaceFilter/Prefabs/AR_Canvas.prefab
  artifactKey: Guid(ccc0c063a6b6cb143b63b64a01a0a7b7) Importer(2089858483,b0f066a214c2f5e87bad3c948f4d605d)
Start importing Assets/_InteractiveFaceFilter/Prefabs/AR_Canvas.prefab using Guid(ccc0c063a6b6cb143b63b64a01a0a7b7) Importer(2089858483,b0f066a214c2f5e87bad3c948f4d605d) (ScriptedImporter) -> (artifact id: '36effb3a3ee94affa64f75ab20e84fb9') in 0.0613201 seconds
Number of updated asset objects reloaded before import = 0Number of asset objects unloaded after import = 48

========================================================================
Received Import Request.
  Time since last request: 0.000043 seconds.
  path: Assets/_InteractiveFaceFilter/Meshes/Glasses_Cat.FBX
  artifactKey: Guid(fb8a0115d8814bd49b4609e9566545e8) Importer(2089858483,b0f066a214c2f5e87bad3c948f4d605d)
Start importing Assets/_InteractiveFaceFilter/Meshes/Glasses_Cat.FBX using Guid(fb8a0115d8814bd49b4609e9566545e8) Importer(2089858483,b0f066a214c2f5e87bad3c948f4d605d) (ScriptedImporter) -> (artifact id: 'b0cec801058fe6e496c914c0a5c88255') in 0.0227451 seconds
Number of updated asset objects reloaded before import = 0Number of asset objects unloaded after import = 8

========================================================================
Received Import Request.
  Time since last request: 0.000029 seconds.
  path: Assets/_InteractiveFaceFilter/Prefabs
  artifactKey: Guid(5ff12875b63f8564ab8f70a854a370c5) Importer(2089858483,b0f066a214c2f5e87bad3c948f4d605d)
Start importing Assets/_InteractiveFaceFilter/Prefabs using Guid(5ff12875b63f8564ab8f70a854a370c5) Importer(2089858483,b0f066a214c2f5e87bad3c948f4d605d) (ScriptedImporter) -> (artifact id: '531529ffacd43e27b0a02c92168d6965') in 0.011901 seconds
Number of updated asset objects reloaded before import = 0Number of asset objects unloaded after import = 1

========================================================================
Received Import Request.
  Time since last request: 0.000033 seconds.
  path: Assets/_InteractiveFaceFilter/Resources/UI_Icon_Glasses_template.psd
  artifactKey: Guid(c339be619179a7142a61397f2a5981f0) Importer(2089858483,b0f066a214c2f5e87bad3c948f4d605d)
Start importing Assets/_InteractiveFaceFilter/Resources/UI_Icon_Glasses_template.psd using Guid(c339be619179a7142a61397f2a5981f0) Importer(2089858483,b0f066a214c2f5e87bad3c948f4d605d) (ScriptedImporter) -> (artifact id: '01455ba3c0b44ca7b9e927e848ed4b9a') in 0.0193834 seconds
Number of updated asset objects reloaded before import = 0Number of asset objects unloaded after import = 1

========================================================================
Received Import Request.
  Time since last request: 0.000030 seconds.
  path: Assets/_InteractiveFaceFilter/Resources
  artifactKey: Guid(e77fb394934d250428286fce2c806fd4) Importer(2089858483,b0f066a214c2f5e87bad3c948f4d605d)
Start importing Assets/_InteractiveFaceFilter/Resources using Guid(e77fb394934d250428286fce2c806fd4) Importer(2089858483,b0f066a214c2f5e87bad3c948f4d605d) (ScriptedImporter) -> (artifact id: '19299739d716db4279646ee531f76fc0') in 0.0123694 seconds
Number of updated asset objects reloaded before import = 0Number of asset objects unloaded after import = 1

========================================================================
Received Import Request.
  Time since last request: 0.000067 seconds.
  path: Assets/_InteractiveFaceFilter/Meshes/Glasses_Mask.FBX
  artifactKey: Guid(6b3199884720a1f429171a2626184a1e) Importer(2089858483,b0f066a214c2f5e87bad3c948f4d605d)
Start importing Assets/_InteractiveFaceFilter/Meshes/Glasses_Mask.FBX using Guid(6b3199884720a1f429171a2626184a1e) Importer(2089858483,b0f066a214c2f5e87bad3c948f4d605d) (ScriptedImporter) -> (artifact id: 'c7eaaaf9c24ab9db2fe420928828e7dd') in 0.0204952 seconds
Number of updated asset objects reloaded before import = 0Number of asset objects unloaded after import = 8

========================================================================
Received Import Request.
  Time since last request: 0.000023 seconds.
  path: Assets/_InteractiveFaceFilter/Meshes/Glasses_Simple.FBX
  artifactKey: Guid(e87105ef60df6aa4787f315cfef25f9a) Importer(2089858483,b0f066a214c2f5e87bad3c948f4d605d)
Start importing Assets/_InteractiveFaceFilter/Meshes/Glasses_Simple.FBX using Guid(e87105ef60df6aa4787f315cfef25f9a) Importer(2089858483,b0f066a214c2f5e87bad3c948f4d605d) (ScriptedImporter) -> (artifact id: 'b6cbf39690fd8e248bec1bb891d2b8c7') in 0.0207429 seconds
Number of updated asset objects reloaded before import = 0Number of asset objects unloaded after import = 8

Editor requested this worker to shutdown with reason: Scaling down because of idle timeout
AssetImportWorker is now disconnected from the server
Process exiting
Exiting without the bug reporter. Application will terminate with return code 0